

ORL
Fold	AccTrBest	AccTeBest	FeatBest	AccTrAvg	AccTeAvg	FeatAvg	Time
1		0.94		0.87		50.00		0.82		0.71		18.83
2		0.93		0.88		78.00		0.79		0.73		25.57
3		0.95		0.89		88.00		0.84		0.78		34.44
4		0.96		0.84		79.00		0.82		0.71		21.07
5		0.94		0.88		82.00		0.83		0.77		28.36
6		0.95		0.93		165.00		0.80		0.74		22.27
7		0.94		0.93		67.00		0.82		0.75		17.64
8		0.95		0.90		48.00		0.83		0.79		17.93
9		0.95		0.84		67.00		0.83		0.79		22.50
10		0.95		0.80		39.00		0.75		0.61		12.56
11		0.95		0.90		57.00		0.81		0.76		19.20
12		0.96		0.92		49.00		0.81		0.75		19.53
13		0.95		0.90		58.00		0.83		0.79		20.95
14		0.97		0.88		45.00		0.83		0.76		16.05
15		0.95		0.91		109.00		0.77		0.75		18.32
16		0.95		0.85		33.00		0.81		0.74		13.72
17		0.95		0.92		78.00		0.79		0.76		17.00
18		0.96		0.83		55.00		0.84		0.75		28.54
19		0.96		0.90		63.00		0.85		0.78		21.81
20		0.95		0.90		72.00		0.83		0.78		20.42
21		0.95		0.91		43.00		0.85		0.78		19.77
22		0.94		0.89		100.00		0.80		0.74		16.91
23		0.94		0.92		60.00		0.84		0.76		17.79
24		0.96		0.88		39.00		0.79		0.75		16.18
25		0.96		0.87		49.00		0.85		0.76		22.25
26		0.94		0.89		63.00		0.78		0.75		23.38
27		0.95		0.96		81.00		0.79		0.79		24.54
28		0.95		0.87		226.00		0.89		0.80		137.96
29		0.95		0.93		45.00		0.77		0.73		15.06
30		0.96		0.91		37.00		0.79		0.72		13.86
		0.95		0.89		70.83		0.82		0.75		24.15		20.70


colon
Fold	AccTrBest	AccTeBest	FeatBest	AccTrAvg	AccTeAvg	FeatAvg	Time
1		1.00		0.74		23.00		0.99		0.75		15.33
2		1.00		0.84		8.00		0.96		0.84		11.18
3		1.00		0.74		15.00		1.00		0.76		11.41
4		1.00		0.84		12.00		0.99		0.79		10.52
5		1.00		0.79		36.00		0.97		0.79		31.46
6		1.00		0.79		43.00		1.00		0.71		13.30
7		1.00		0.68		15.00		0.99		0.74		12.44
8		1.00		0.84		12.00		0.99		0.77		13.80
9		1.00		0.79		14.00		0.98		0.81		12.43
10		0.98		0.95		27.00		0.89		0.83		16.86
11		1.00		0.79		9.00		0.93		0.74		6.67
12		1.00		0.74		14.00		0.95		0.76		9.67
13		1.00		0.74		8.00		0.90		0.74		6.43
14		1.00		0.68		19.00		0.99		0.73		14.50
15		1.00		0.74		16.00		0.99		0.75		15.79
16		1.00		0.68		22.00		0.94		0.75		11.00
17		1.00		0.84		13.00		0.95		0.83		7.54
18		1.00		0.79		7.00		0.94		0.74		5.71
19		1.00		0.79		32.00		0.99		0.72		17.67
20		1.00		0.68		5.00		0.98		0.79		6.08
21		1.00		0.74		26.00		0.95		0.77		11.40
22		1.00		0.79		13.00		0.98		0.75		6.67
23		1.00		0.79		12.00		0.93		0.79		6.00
24		1.00		0.84		29.00		0.98		0.83		20.00
25		0.98		0.79		8.00		0.94		0.78		8.91
26		1.00		0.79		21.00		0.99		0.80		15.59
27		1.00		0.79		22.00		0.99		0.74		14.25
28		1.00		0.79		23.00		0.98		0.82		13.43
29		1.00		0.95		12.00		0.99		0.84		9.87
30		1.00		0.68		4.00		0.94		0.69		6.14
		1.00		0.78		17.33		0.97		0.77		12.07		5.63


SRBCT
Fold	AccTrBest	AccTeBest	FeatBest	AccTrAvg	AccTeAvg	FeatAvg	Time
1		1.00		0.92		30.00		1.00		0.94		29.43
2		1.00		0.96		10.00		0.97		0.93		8.33
3		1.00		0.92		24.00		1.00		0.85		15.10
4		1.00		0.80		23.00		0.99		0.86		24.82
5		1.00		0.96		15.00		0.99		0.92		19.63
6		1.00		0.84		38.00		0.98		0.82		49.89
7		1.00		0.88		43.00		1.00		0.92		21.18
8		1.00		0.84		35.00		0.94		0.81		12.26
9		1.00		0.88		22.00		1.00		0.93		22.91
10		1.00		0.92		25.00		1.00		0.85		33.42
11		1.00		0.88		5.00		1.00		0.86		39.98
12		1.00		0.88		7.00		1.00		0.85		31.34
13		1.00		1.00		28.00		1.00		0.95		31.98
14		1.00		0.92		33.00		1.00		0.92		23.56
15		1.00		0.96		22.00		1.00		0.88		65.04
16		1.00		0.96		14.00		0.99		0.91		11.68
17		1.00		1.00		11.00		0.99		0.95		93.46
18		1.00		0.92		21.00		0.99		0.93		31.34
19		1.00		0.84		7.00		0.99		0.87		53.68
20		1.00		0.96		11.00		1.00		0.93		17.56
21		1.00		0.80		9.00		1.00		0.94		72.34
22		1.00		0.96		13.00		1.00		0.88		24.39
23		1.00		0.92		18.00		0.99		0.92		18.92
24		1.00		0.84		19.00		1.00		0.92		13.50
25		1.00		0.92		21.00		0.99		0.87		25.41
26		1.00		0.92		66.00		0.99		0.91		44.90
27		1.00		0.88		6.00		1.00		0.91		46.37
28		1.00		0.88		15.00		0.99		0.93		18.91
29		1.00		0.96		67.00		1.00		0.87		25.33
30		1.00		0.88		12.00		0.99		0.92		47.23
		1.00		0.91		22.33		0.99		0.90		32.46		8.16


lymphoma
Fold	AccTrBest	AccTeBest	FeatBest	AccTrAvg	AccTeAvg	FeatAvg	Time
1		0.97		0.90		37.00		0.96		0.86		43.77
2		1.00		0.76		35.00		0.99		0.82		30.81
3		1.00		1.00		49.00		0.98		0.90		41.74
4		1.00		0.83		43.00		0.99		0.80		35.25
5		0.99		0.79		80.00		0.97		0.75		45.16
6		1.00		0.86		50.00		0.99		0.88		112.88
7		1.00		0.90		271.00		0.98		0.88		114.96
8		1.00		0.83		56.00		0.96		0.71		28.47
9		1.00		0.90		45.00		0.99		0.86		27.06
10		0.99		0.79		15.00		0.97		0.82		70.81
11		0.97		0.72		16.00		0.96		0.73		130.47
12		0.99		0.97		47.00		0.97		0.94		58.89
13		1.00		0.90		28.00		0.98		0.84		26.44
14		1.00		0.83		39.00		0.99		0.86		37.39
15		1.00		0.79		14.00		0.99		0.79		32.68
16		0.99		0.90		246.00		0.98		0.90		190.12
17		0.99		0.79		17.00		0.98		0.85		86.86
18		0.99		0.86		63.00		0.96		0.84		41.02
19		0.97		0.83		136.00		0.96		0.76		123.26
20		0.99		0.83		29.00		0.98		0.83		28.38
21		0.99		0.97		67.00		0.97		0.94		56.16
22		0.99		0.86		34.00		0.95		0.79		18.72
23		0.99		0.76		42.00		0.96		0.87		134.27
24		1.00		0.97		120.00		0.99		0.88		109.46
25		0.97		0.76		16.00		0.96		0.87		55.79
26		0.99		0.86		138.00		0.98		0.81		59.30
27		0.97		0.86		112.00		0.96		0.82		120.14
28		1.00		0.93		45.00		0.99		0.91		39.18
29		1.00		0.86		34.00		0.98		0.82		30.30
30		1.00		0.83		17.00		0.99		0.87		87.34
		0.99		0.85		64.70		0.97		0.84		67.24		15.66


GLIOMA
Fold	AccTrBest	AccTeBest	FeatBest	AccTrAvg	AccTeAvg	FeatAvg	Time
1		0.97		0.60		35.00		0.82		0.51		11.36
2		1.00		0.80		9.00		0.87		0.63		4.00
3		1.00		0.47		6.00		0.90		0.51		4.40
4		1.00		0.67		24.00		0.99		0.70		17.96
5		0.94		0.67		32.00		0.90		0.66		15.19
6		0.97		0.80		19.00		0.93		0.71		13.44
7		1.00		0.67		25.00		0.95		0.67		15.62
8		1.00		0.53		11.00		0.85		0.56		7.56
9		0.97		0.67		24.00		0.94		0.73		13.52
10		1.00		0.73		39.00		0.98		0.64		24.90
11		1.00		0.93		11.00		0.96		0.74		7.00
12		1.00		0.80		51.00		0.99		0.71		33.91
13		1.00		0.73		45.00		0.99		0.73		32.10
14		1.00		0.67		22.00		0.89		0.56		10.67
15		1.00		0.67		15.00		0.88		0.66		7.45
16		1.00		0.67		17.00		0.93		0.64		11.79
17		0.97		0.73		37.00		0.96		0.66		18.59
18		0.97		0.67		25.00		0.93		0.59		12.63
19		1.00		0.53		10.00		0.81		0.47		3.38
20		1.00		0.73		25.00		0.95		0.67		19.53
21		0.97		0.67		73.00		0.93		0.65		45.85
22		1.00		0.60		11.00		0.93		0.53		8.93
23		1.00		0.67		19.00		0.96		0.70		19.79
24		0.97		0.67		11.00		0.91		0.68		6.45
25		1.00		0.67		19.00		0.94		0.62		12.67
26		0.97		0.73		87.00		0.92		0.68		60.02
27		1.00		0.53		27.00		0.86		0.66		7.14
28		1.00		0.53		14.00		0.97		0.47		8.30
29		1.00		0.60		30.00		0.96		0.64		16.33
30		1.00		0.80		13.00		0.85		0.67		5.33
		0.99		0.67		26.20		0.92		0.63		15.86		9.75


Leukemia1
Fold	AccTrBest	AccTeBest	FeatBest	AccTrAvg	AccTeAvg	FeatAvg	Time
1		1.00		0.86		71.00		1.00		0.87		26.52
2		1.00		0.73		7.00		1.00		0.89		17.93
3		1.00		0.86		28.00		1.00		0.86		28.14
4		1.00		0.86		7.00		1.00		0.81		50.33
5		1.00		1.00		65.00		1.00		0.93		24.98
6		1.00		0.91		6.00		0.99		0.91		37.49
7		1.00		0.91		27.00		1.00		0.90		20.65
8		1.00		0.95		10.00		1.00		0.92		106.22
9		1.00		0.86		48.00		0.99		0.92		34.61
10		1.00		0.86		49.00		1.00		0.87		26.38
11		1.00		0.86		31.00		1.00		0.92		21.06
12		1.00		0.82		177.00		1.00		0.88		55.67
13		1.00		0.91		65.00		1.00		0.91		45.36
14		1.00		0.82		3.00		1.00		0.83		18.18
15		1.00		0.82		118.00		1.00		0.90		96.90
16		1.00		0.82		26.00		1.00		0.91		57.12
17		1.00		0.73		14.00		0.99		0.85		33.48
18		1.00		0.91		18.00		1.00		0.92		39.53
19		1.00		0.86		103.00		0.99		0.89		18.24
20		1.00		0.77		4.00		0.94		0.80		3.60
21		1.00		0.82		53.00		1.00		0.85		18.16
22		1.00		0.82		53.00		0.99		0.85		100.42
23		1.00		0.95		119.00		0.99		0.95		61.32
24		1.00		0.86		56.00		1.00		0.94		32.85
25		1.00		1.00		12.00		1.00		0.97		30.04
26		1.00		0.95		15.00		1.00		0.90		48.85
27		1.00		0.77		3.00		1.00		0.90		31.46
28		1.00		0.91		151.00		0.99		0.89		32.95
29		1.00		0.95		9.00		0.99		0.96		68.81
30		1.00		0.91		94.00		1.00		0.90		41.53
		1.00		0.87		48.07		0.99		0.89		40.96		16.55


DLBCL
Fold	AccTrBest	AccTeBest	FeatBest	AccTrAvg	AccTeAvg	FeatAvg	Time
1		1.00		0.92		34.00		1.00		0.86		27.08
2		1.00		0.88		4.00		1.00		0.91		19.63
3		1.00		0.96		7.00		1.00		0.94		16.88
4		1.00		0.88		5.00		1.00		0.92		15.33
5		1.00		0.92		27.00		1.00		0.81		19.46
6		1.00		0.79		5.00		1.00		0.87		12.24
7		1.00		0.67		5.00		1.00		0.68		16.89
8		1.00		0.88		3.00		1.00		0.84		13.91
9		1.00		0.92		26.00		1.00		0.89		15.99
10		1.00		0.96		18.00		1.00		0.88		22.72
11		1.00		0.79		2.00		1.00		0.77		16.94
12		1.00		0.92		15.00		1.00		0.85		15.70
13		1.00		0.96		21.00		1.00		0.90		11.74
14		1.00		0.88		9.00		1.00		0.88		16.06
15		1.00		0.92		4.00		1.00		0.96		16.55
16		1.00		0.92		12.00		1.00		0.91		16.38
17		1.00		0.92		18.00		1.00		0.93		14.66
18		1.00		0.79		3.00		1.00		0.88		23.38
19		1.00		0.83		19.00		1.00		0.88		19.23
20		1.00		0.92		15.00		0.99		0.88		14.98
21		1.00		0.83		2.00		1.00		0.86		21.71
22		1.00		0.79		16.00		1.00		0.79		13.76
23		1.00		0.92		9.00		1.00		0.93		20.36
24		1.00		0.92		12.00		1.00		0.88		14.98
25		1.00		0.83		123.00		1.00		0.88		32.13
26		1.00		0.92		14.00		1.00		0.95		14.27
27		1.00		0.83		4.00		1.00		0.89		13.28
28		1.00		0.92		18.00		1.00		0.95		18.65
29		1.00		0.92		4.00		1.00		0.93		17.87
30		1.00		0.96		31.00		1.00		0.83		19.58
		1.00		0.88		16.17		1.00		0.88		17.74		20.09


9Tumor
Fold	AccTrBest	AccTeBest	FeatBest	AccTrAvg	AccTeAvg	FeatAvg	Time
1		0.81		0.44		96.00		0.66		0.26		22.14
2		0.71		0.44		19.00		0.50		0.26		6.89
3		0.74		0.33		43.00		0.57		0.27		15.00
4		0.76		0.39		262.00		0.59		0.22		39.73
5		0.76		0.39		173.00		0.66		0.36		93.39
6		0.90		0.22		38.00		0.66		0.13		11.65
7		0.79		0.33		66.00		0.69		0.26		31.08
8		0.71		0.17		34.00		0.54		0.17		9.75
9		0.86		0.44		24.00		0.68		0.25		11.11
10		0.74		0.33		68.00		0.67		0.36		24.88
11		0.76		0.28		26.00		0.68		0.31		16.10
12		0.81		0.11		42.00		0.65		0.17		13.33
13		0.76		0.50		72.00		0.60		0.36		27.22
14		0.76		0.22		20.00		0.63		0.17		12.63
15		0.71		0.33		21.00		0.56		0.26		8.83
16		0.83		0.28		20.00		0.65		0.21		10.83
17		0.74		0.61		186.00		0.57		0.34		44.71
18		0.81		0.33		41.00		0.70		0.30		13.85
19		0.69		0.22		9.00		0.52		0.25		4.86
20		0.79		0.28		14.00		0.56		0.19		6.57
21		0.74		0.39		144.00		0.58		0.24		46.00
22		0.81		0.39		16.00		0.58		0.28		8.85
23		0.74		0.39		29.00		0.66		0.29		20.00
24		0.83		0.28		31.00		0.75		0.25		19.67
25		0.71		0.22		14.00		0.53		0.25		5.88
26		0.74		0.28		14.00		0.59		0.25		7.56
27		0.71		0.17		15.00		0.53		0.20		5.00
28		0.76		0.39		28.00		0.57		0.23		10.22
29		0.79		0.28		13.00		0.59		0.19		7.82
30		0.76		0.50		137.00		0.68		0.30		84.05
		0.77		0.33		57.17		0.61		0.25		21.32		12.43


TOX_171
Fold	AccTrBest	AccTeBest	FeatBest	AccTrAvg	AccTeAvg	FeatAvg	Time
1		0.99		0.75		25.00		0.78		0.58		9.27
2		0.96		0.85		60.00		0.82		0.69		16.32
3		0.98		0.83		32.00		0.86		0.71		16.06
4		0.97		0.79		39.00		0.82		0.62		14.79
5		0.96		0.90		78.00		0.80		0.75		24.82
6		0.98		0.81		118.00		0.87		0.68		54.77
7		0.97		0.75		216.00		0.91		0.74		52.75
8		0.96		0.81		29.00		0.82		0.68		13.00
9		0.99		0.88		73.00		0.89		0.74		26.53
10		0.97		0.88		21.00		0.88		0.75		12.50
11		0.98		0.85		23.00		0.82		0.68		12.39
12		0.95		0.83		25.00		0.84		0.65		13.28
13		0.97		0.85		103.00		0.83		0.75		23.58
14		0.97		0.88		55.00		0.84		0.72		18.04
15		0.98		0.79		46.00		0.88		0.72		20.00
16		0.98		0.73		75.00		0.90		0.70		26.20
17		0.97		0.90		54.00		0.81		0.69		19.95
18		0.95		0.90		94.00		0.83		0.68		18.21
19		0.99		0.85		34.00		0.85		0.67		11.18
20		0.97		0.81		48.00		0.79		0.64		13.13
21		0.98		0.73		27.00		0.91		0.66		16.45
22		0.95		0.75		43.00		0.85		0.72		28.25
23		0.97		0.90		31.00		0.79		0.70		12.06
24		0.97		0.85		127.00		0.86		0.73		59.90
25		0.96		0.79		23.00		0.84		0.65		13.00
26		0.97		0.88		57.00		0.88		0.76		34.52
27		0.97		0.83		59.00		0.86		0.66		17.54
28		0.97		0.83		37.00		0.84		0.74		14.13
29		0.97		0.81		39.00		0.83		0.73		12.36
30		0.97		0.88		115.00		0.88		0.77		51.43
		0.97		0.83		60.20		0.85		0.70		22.55		26.44


Brain1
Fold	AccTrBest	AccTeBest	FeatBest	AccTrAvg	AccTeAvg	FeatAvg	Time
1		0.97		0.64		19.00		0.82		0.72		6.13
2		0.97		0.68		27.00		0.93		0.69		16.74
3		0.95		0.86		14.00		0.84		0.69		5.20
4		0.97		0.64		15.00		0.83		0.57		4.25
5		1.00		0.79		10.00		0.91		0.76		6.92
6		0.97		0.71		11.00		0.96		0.73		30.80
7		0.95		0.79		8.00		0.85		0.76		5.17
8		0.98		0.86		43.00		0.94		0.73		18.05
9		0.97		0.82		31.00		0.95		0.78		18.50
10		0.97		0.86		10.00		0.89		0.71		7.00
11		0.97		0.79		21.00		0.87		0.69		8.71
12		1.00		0.86		10.00		0.84		0.72		4.64
13		0.97		0.93		11.00		0.85		0.74		5.14
14		0.98		0.68		24.00		0.96		0.70		12.81
15		0.95		0.79		40.00		0.90		0.76		25.26
16		0.94		0.89		39.00		0.88		0.78		25.14
17		0.95		0.68		17.00		0.90		0.66		11.43
18		0.98		0.71		22.00		0.88		0.80		8.45
19		0.97		0.75		18.00		0.87		0.68		6.88
20		0.95		0.75		38.00		0.94		0.73		29.10
21		0.94		0.89		18.00		0.84		0.72		10.79
22		0.97		0.71		12.00		0.87		0.74		6.11
23		0.97		0.86		40.00		0.87		0.76		14.18
24		0.95		0.93		31.00		0.91		0.79		18.10
25		0.97		0.71		51.00		0.95		0.78		31.06
26		0.94		0.82		12.00		0.87		0.75		7.86
27		0.97		0.64		10.00		0.89		0.63		5.56
28		0.97		0.82		23.00		0.93		0.80		10.57
29		0.97		0.71		10.00		0.92		0.66		7.62
30		0.97		0.86		116.00		0.93		0.85		76.60
		0.97		0.78		25.03		0.89		0.73		14.83		16.00


leukemia
Fold	AccTrBest	AccTeBest	FeatBest	AccTrAvg	AccTeAvg	FeatAvg	Time
1		1.00		0.91		2.00		1.00		0.86		19.14
2		1.00		0.86		2.00		1.00		0.93		17.94
3		1.00		0.82		4.00		1.00		0.91		16.64
4		1.00		0.95		8.00		1.00		0.91		14.57
5		1.00		0.91		2.00		1.00		0.91		12.76
6		1.00		0.91		2.00		0.99		0.91		14.01
7		1.00		0.95		4.00		1.00		0.94		19.62
8		1.00		0.82		2.00		1.00		0.85		16.16
9		1.00		0.91		3.00		0.99		0.92		19.76
10		1.00		0.95		11.00		1.00		0.95		16.81
11		1.00		0.82		15.00		1.00		0.88		18.43
12		1.00		0.91		3.00		1.00		0.95		23.79
13		1.00		0.68		3.00		1.00		0.92		15.19
14		1.00		0.86		2.00		1.00		0.89		15.27
15		1.00		0.95		3.00		1.00		0.91		15.25
16		1.00		0.91		4.00		1.00		0.90		14.17
17		1.00		0.95		2.00		1.00		0.89		17.98
18		1.00		0.86		2.00		1.00		0.89		12.20
19		1.00		0.68		2.00		1.00		0.98		17.69
20		1.00		0.95		3.00		1.00		0.97		18.82
21		1.00		0.91		12.00		0.99		0.94		20.12
22		1.00		0.82		2.00		1.00		0.90		19.55
23		1.00		0.91		2.00		1.00		0.92		14.46
24		1.00		0.86		2.00		1.00		0.93		17.72
25		1.00		0.91		3.00		1.00		0.94		18.49
26		1.00		0.95		12.00		1.00		0.95		17.25
27		1.00		0.95		11.00		0.99		0.92		13.05
28		1.00		0.95		4.00		0.99		0.94		10.08
29		1.00		0.91		2.00		1.00		0.93		19.45
30		1.00		1.00		4.00		1.00		0.92		17.23
		1.00		0.89		4.43		1.00		0.92		16.79		28.39


ALLAML
Fold	AccTrBest	AccTeBest	FeatBest	AccTrAvg	AccTeAvg	FeatAvg	Time
1		1.00		0.86		3.00		1.00		0.91		14.25
2		1.00		0.91		2.00		1.00		0.89		34.25
3		1.00		0.86		3.00		1.00		0.89		35.29
4		1.00		0.91		4.00		1.00		0.95		72.51
5		1.00		0.86		2.00		1.00		0.86		20.18
6		1.00		0.82		99.00		1.00		0.92		21.10
7		1.00		0.82		2.00		1.00		0.88		121.45
8		1.00		0.95		2.00		1.00		0.87		16.31
9		1.00		0.91		38.00		1.00		0.93		45.48
10		1.00		0.86		290.00		1.00		0.87		19.46
11		1.00		0.68		2.00		1.00		0.89		16.00
12		1.00		0.86		3.00		1.00		0.90		29.94
13		1.00		0.95		102.00		1.00		0.89		10.60
14		1.00		0.82		2.00		1.00		0.93		31.44
15		1.00		0.86		2.00		1.00		0.94		27.16
16		1.00		0.91		3.00		1.00		0.93		35.94
17		1.00		0.86		40.00		1.00		0.88		36.39
18		1.00		0.91		3.00		1.00		0.92		17.74
19		1.00		0.91		9.00		0.99		0.91		23.84
20		1.00		0.95		10.00		1.00		0.91		13.60
21		1.00		0.86		4.00		1.00		0.90		21.18
22		1.00		0.95		3.00		1.00		0.89		29.10
23		1.00		0.86		4.00		1.00		0.90		30.49
24		1.00		0.86		33.00		1.00		0.91		14.08
25		1.00		0.82		4.00		1.00		0.90		73.28
26		1.00		0.86		5.00		1.00		0.93		47.82
27		1.00		1.00		5.00		1.00		0.93		51.02
28		1.00		0.82		14.00		1.00		0.93		53.27
29		1.00		0.91		2.00		1.00		0.88		12.31
30		1.00		0.82		2.00		1.00		0.88		12.57
		1.00		0.88		23.23		1.00		0.90		32.94		24.77


Carcinom
Fold	AccTrBest	AccTeBest	FeatBest	AccTrAvg	AccTeAvg	FeatAvg	Time
1		0.97		0.83		79.00		0.84		0.69		24.87
2		0.93		0.77		16.00		0.76		0.68		9.50
3		0.97		0.89		39.00		0.78		0.68		12.63
4		0.97		0.87		111.00		0.86		0.76		31.76
5		0.98		0.85		66.00		0.84		0.78		38.46
6		0.94		0.83		27.00		0.80		0.72		12.50
7		0.94		0.72		27.00		0.82		0.66		12.50
8		0.93		0.85		338.00		0.91		0.84		282.87
9		0.94		0.87		69.00		0.82		0.76		19.72
10		0.96		0.83		74.00		0.81		0.74		25.88
11		0.96		0.87		86.00		0.79		0.72		19.50
12		0.94		0.68		26.00		0.74		0.53		11.39
13		0.96		0.79		44.00		0.79		0.65		15.07
14		0.95		0.87		83.00		0.87		0.75		22.95
15		0.96		0.83		50.00		0.85		0.68		19.76
16		0.95		0.72		36.00		0.84		0.68		18.43
17		0.95		0.85		47.00		0.81		0.72		13.94
18		0.98		0.75		109.00		0.85		0.68		38.69
19		0.98		0.85		170.00		0.87		0.75		88.16
20		0.96		0.91		119.00		0.79		0.73		24.30
21		0.94		0.81		405.00		0.83		0.74		140.59
22		0.93		0.89		51.00		0.79		0.69		14.81
23		0.97		0.83		67.00		0.79		0.74		17.40
24		0.97		0.81		41.00		0.87		0.76		24.41
25		0.96		0.81		61.00		0.83		0.74		23.32
26		0.95		0.87		32.00		0.82		0.72		13.79
27		0.93		0.87		51.00		0.81		0.80		23.63
28		0.95		0.85		37.00		0.79		0.70		12.00
29		0.94		0.75		48.00		0.79		0.63		16.33
30		0.96		0.94		64.00		0.85		0.81		26.44
		0.95		0.83		82.43		0.82		0.72		35.19		41.86


arcene
Fold	AccTrBest	AccTeBest	FeatBest	AccTrAvg	AccTeAvg	FeatAvg	Time
1		0.99		0.78		17.00		0.90		0.72		8.33
2		0.95		0.88		55.00		0.86		0.75		17.50
3		0.98		0.82		47.00		0.86		0.73		11.55
4		0.98		0.83		46.00		0.90		0.76		15.46
5		0.96		0.82		141.00		0.91		0.74		62.13
6		0.95		0.82		31.00		0.86		0.76		11.67
7		0.94		0.85		202.00		0.88		0.77		91.21
8		0.98		0.80		21.00		0.91		0.74		11.14
9		0.99		0.82		108.00		0.88		0.75		19.64
10		0.94		0.80		596.00		0.93		0.81		423.51
11		0.95		0.72		32.00		0.88		0.70		11.00
12		0.95		0.88		355.00		0.90		0.79		124.78
13		0.94		0.85		31.00		0.86		0.78		12.00
14		0.96		0.77		243.00		0.89		0.76		59.00
15		0.98		0.73		50.00		0.91		0.75		23.44
16		0.97		0.82		13.00		0.88		0.75		7.22
17		0.96		0.85		147.00		0.89		0.76		24.06
18		0.97		0.83		91.00		0.91		0.80		48.82
19		0.96		0.87		16.00		0.87		0.74		7.33
20		0.96		0.73		420.00		0.91		0.64		119.92
21		0.99		0.80		54.00		0.92		0.77		15.07
22		0.98		0.82		81.00		0.91		0.78		20.00
23		0.94		0.87		56.00		0.90		0.79		70.22
24		0.96		0.77		229.00		0.89		0.75		43.67
25		0.93		0.87		1575.00		0.92		0.85		1426.62
26		0.96		0.78		250.00		0.87		0.74		30.36
27		0.96		0.82		278.00		0.93		0.81		208.92
28		0.96		0.80		16.00		0.87		0.73		6.83
29		0.95		0.82		131.00		0.83		0.74		18.29
30		0.94		0.68		306.00		0.90		0.69		133.88
		0.96		0.81		187.93		0.89		0.76		102.79		59.24


Brain2
Fold	AccTrBest	AccTeBest	FeatBest	AccTrAvg	AccTeAvg	FeatAvg	Time
1		0.94		0.60		60.00		0.92		0.61		18.53
2		0.97		0.60		15.00		0.96		0.56		10.00
3		0.97		0.93		82.00		0.96		0.68		170.41
4		0.94		0.73		56.00		0.92		0.74		27.37
5		0.94		0.80		137.00		0.83		0.85		78.56
6		1.00		0.53		23.00		0.99		0.57		15.61
7		0.94		0.80		39.00		0.79		0.63		9.71
8		0.97		0.60		13.00		0.87		0.50		5.78
9		0.91		0.60		15.00		0.89		0.62		17.82
10		0.97		0.67		46.00		0.89		0.61		22.67
11		1.00		0.80		15.00		0.95		0.63		10.29
12		0.97		0.73		18.00		0.90		0.56		9.25
13		1.00		0.80		47.00		0.94		0.58		12.37
14		0.97		0.53		30.00		0.93		0.54		15.63
15		0.94		0.73		159.00		0.93		0.73		123.77
16		1.00		0.53		17.00		0.96		0.57		10.50
17		0.97		0.60		76.00		0.96		0.67		68.43
18		0.94		0.73		39.00		0.90		0.67		23.44
19		1.00		0.53		33.00		0.94		0.60		21.73
20		1.00		0.67		13.00		0.86		0.61		7.25
21		1.00		0.67		27.00		0.88		0.57		11.38
22		1.00		0.87		23.00		0.93		0.64		13.18
23		1.00		0.67		26.00		0.85		0.48		8.80
24		1.00		0.53		27.00		0.97		0.60		18.95
25		1.00		0.67		14.00		0.88		0.63		5.80
26		0.94		0.47		7.00		0.83		0.37		4.80
27		1.00		0.60		25.00		0.97		0.61		22.56
28		0.97		0.53		45.00		0.97		0.57		22.88
29		0.97		0.73		10.00		0.88		0.51		4.38
30		1.00		0.53		10.00		0.91		0.51		8.00
		0.98		0.66		38.23		0.91		0.60		26.66		23.12


prostate
Fold	AccTrBest	AccTeBest	FeatBest	AccTrAvg	AccTeAvg	FeatAvg	Time
1		0.99		0.84		46.00		0.98		0.85		13.82
2		0.97		0.97		48.00		0.95		0.91		36.50
3		0.97		0.87		31.00		0.97		0.88		31.30
4		1.00		0.84		6.00		0.96		0.85		4.25
5		0.99		0.94		9.00		0.98		0.96		14.05
6		0.97		0.84		12.00		0.95		0.78		7.44
7		0.97		0.84		49.00		0.97		0.88		21.58
8		1.00		0.87		9.00		0.93		0.87		4.00
9		1.00		0.87		11.00		0.96		0.94		5.75
10		1.00		0.81		46.00		0.98		0.74		38.42
11		0.97		0.90		72.00		0.97		0.88		59.47
12		1.00		0.90		30.00		1.00		0.89		29.12
13		0.99		0.87		21.00		0.98		0.88		18.34
14		1.00		0.81		10.00		0.97		0.93		6.86
15		1.00		0.84		21.00		0.96		0.93		7.75
16		0.97		0.90		58.00		0.95		0.84		47.41
17		1.00		0.84		22.00		0.99		0.88		16.79
18		1.00		0.84		10.00		0.99		0.87		8.75
19		1.00		0.90		5.00		0.88		0.81		3.00
20		1.00		0.84		19.00		0.96		0.83		10.20
21		1.00		0.84		29.00		1.00		0.82		36.70
22		0.99		0.90		22.00		0.91		0.79		7.20
23		1.00		0.87		32.00		0.98		0.80		22.21
24		0.99		0.87		25.00		0.98		0.84		17.14
25		0.99		0.90		9.00		0.97		0.89		14.88
26		0.99		0.81		19.00		0.97		0.80		9.56
27		1.00		0.87		9.00		0.99		0.86		8.75
28		1.00		0.87		18.00		0.99		0.87		12.68
29		0.99		0.77		200.00		0.98		0.82		52.54
30		1.00		0.81		16.00		0.99		0.85		8.00
		0.99		0.86		30.47		0.97		0.86		19.15		31.94


CLL_SUB_111
Fold	AccTrBest	AccTeBest	FeatBest	AccTrAvg	AccTeAvg	FeatAvg	Time
1		0.94		0.59		62.00		0.85		0.55		18.23
2		0.92		0.41		17.00		0.83		0.55		9.50
3		0.88		0.71		12.00		0.79		0.60		7.70
4		0.91		0.59		13.00		0.79		0.49		6.13
5		0.92		0.50		15.00		0.81		0.46		7.33
6		0.96		0.65		53.00		0.89		0.63		33.15
7		0.86		0.65		11.00		0.75		0.63		4.89
8		0.94		0.62		16.00		0.75		0.57		5.50
9		0.87		0.79		77.00		0.78		0.68		15.29
10		0.88		0.59		19.00		0.77		0.52		7.14
11		0.92		0.59		24.00		0.83		0.56		7.80
12		0.92		0.56		13.00		0.84		0.55		8.83
13		0.90		0.59		81.00		0.78		0.51		16.25
14		0.95		0.68		21.00		0.84		0.55		7.43
15		0.92		0.62		74.00		0.75		0.62		20.62
16		0.92		0.71		13.00		0.81		0.56		6.17
17		0.94		0.74		23.00		0.81		0.63		9.50
18		0.84		0.50		414.00		0.82		0.52		277.71
19		0.94		0.59		38.00		0.84		0.65		12.20
20		0.94		0.53		30.00		0.83		0.57		15.55
21		0.92		0.59		21.00		0.88		0.62		10.75
22		0.96		0.62		22.00		0.83		0.49		9.50
23		0.92		0.50		69.00		0.81		0.59		14.44
24		0.95		0.65		27.00		0.84		0.62		9.94
25		0.91		0.68		12.00		0.78		0.62		5.88
26		0.95		0.59		88.00		0.89		0.58		33.43
27		0.92		0.44		56.00		0.82		0.46		13.63
28		0.91		0.68		56.00		0.81		0.62		17.00
29		0.94		0.65		62.00		0.88		0.61		27.36
30		0.91		0.76		51.00		0.88		0.65		25.71
		0.92		0.61		49.67		0.82		0.58		22.15		34.49


Leukemia2
Fold	AccTrBest	AccTeBest	FeatBest	AccTrAvg	AccTeAvg	FeatAvg	Time
1		1.00		0.91		38.00		1.00		0.86		16.57
2		1.00		0.91		144.00		0.99		0.88		53.76
3		0.98		0.73		14.00		0.93		0.67		11.09
4		1.00		0.73		75.00		0.99		0.78		91.63
5		1.00		0.91		56.00		1.00		0.85		47.20
6		1.00		0.95		76.00		0.98		0.84		34.00
7		1.00		0.91		28.00		0.98		0.89		14.33
8		1.00		0.95		59.00		0.99		0.90		38.76
9		1.00		0.91		15.00		0.99		0.88		22.24
10		1.00		0.86		66.00		1.00		0.79		28.45
11		1.00		0.77		23.00		0.99		0.87		14.88
12		1.00		0.86		173.00		0.99		0.87		100.90
13		1.00		0.91		33.00		1.00		0.92		37.52
14		1.00		0.73		19.00		0.99		0.78		18.53
15		1.00		0.86		106.00		0.99		0.81		63.92
16		1.00		0.86		77.00		0.99		0.85		27.44
17		1.00		0.82		30.00		0.99		0.82		19.34
18		1.00		0.86		136.00		1.00		0.87		120.33
19		1.00		0.91		24.00		1.00		0.83		29.49
20		1.00		0.77		23.00		0.93		0.75		10.57
21		1.00		0.77		151.00		1.00		0.84		48.79
22		1.00		0.91		86.00		0.99		0.86		32.93
23		1.00		0.82		409.00		0.99		0.81		65.05
24		1.00		0.73		6.00		0.99		0.79		124.01
25		0.96		0.91		97.00		0.96		0.90		89.40
26		1.00		0.73		9.00		0.99		0.82		96.69
27		1.00		0.95		60.00		0.99		0.93		40.33
28		1.00		0.82		38.00		1.00		0.89		41.20
29		1.00		0.77		47.00		0.98		0.85		145.62
30		1.00		0.82		75.00		1.00		0.84		49.15
		1.00		0.85		73.10		0.99		0.84		51.14		33.45


11Tumor
Fold	AccTrBest	AccTeBest	FeatBest	AccTrAvg	AccTeAvg	FeatAvg	Time
1		0.93		0.79		75.00		0.71		0.62		21.59
2		0.94		0.81		186.00		0.82		0.73		59.00
3		0.92		0.85		202.00		0.78		0.71		70.95
4		0.88		0.81		414.00		0.72		0.65		93.15
5		0.94		0.77		24.00		0.75		0.63		10.13
6		0.91		0.70		182.00		0.79		0.59		52.46
7		0.95		0.62		57.00		0.79		0.59		25.25
8		0.90		0.81		366.00		0.76		0.65		81.94
9		0.93		0.77		101.00		0.80		0.71		29.16
10		0.93		0.79		101.00		0.77		0.64		24.80
11		0.89		0.74		93.00		0.75		0.58		20.70
12		0.93		0.81		96.00		0.76		0.65		24.31
13		0.90		0.79		159.00		0.75		0.64		41.27
14		0.91		0.74		349.00		0.81		0.67		90.19
15		0.92		0.72		46.00		0.79		0.63		25.20
16		0.89		0.81		60.00		0.74		0.63		19.93
17		0.92		0.75		287.00		0.79		0.66		38.86
18		0.93		0.75		111.00		0.79		0.69		39.25
19		0.90		0.75		58.00		0.75		0.62		21.75
20		0.92		0.74		109.00		0.87		0.64		35.00
21		0.90		0.64		23.00		0.73		0.55		11.09
22		0.91		0.85		159.00		0.77		0.72		24.44
23		0.90		0.74		432.00		0.75		0.54		55.29
24		0.90		0.87		104.00		0.85		0.78		39.38
25		0.94		0.83		53.00		0.84		0.69		27.35
26		0.93		0.81		188.00		0.84		0.70		51.06
27		0.88		0.79		198.00		0.71		0.63		48.50
28		0.91		0.77		83.00		0.77		0.63		26.19
29		0.92		0.74		126.00		0.84		0.71		47.46
30		0.93		0.79		166.00		0.77		0.61		28.12
		0.92		0.77		153.60		0.78		0.65		39.46		57.42


Lung
Fold	AccTrBest	AccTeBest	FeatBest	AccTrAvg	AccTeAvg	FeatAvg	Time
1		1.00		0.90		166.00		0.99		0.89		138.98
2		0.98		0.97		173.00		0.97		0.97		205.97
3		0.99		0.92		36.00		0.98		0.89		24.70
4		0.99		0.90		31.00		0.98		0.91		28.00
5		0.99		0.87		28.00		0.95		0.89		14.33
6		0.99		0.90		87.00		0.93		0.89		15.94
7		0.99		0.85		11.00		0.94		0.83		8.57
8		0.99		0.95		19.00		0.94		0.86		9.56
9		0.99		0.93		43.00		0.95		0.87		18.40
10		0.99		0.95		203.00		0.98		0.93		184.18
11		0.99		0.92		30.00		0.96		0.88		18.54
12		0.99		0.95		38.00		0.94		0.83		14.85
13		0.99		0.80		19.00		0.92		0.80		8.42
14		1.00		0.90		22.00		0.98		0.88		18.26
15		0.98		0.97		31.00		0.93		0.90		21.69
16		0.99		0.87		114.00		0.99		0.86		81.05
17		1.00		0.92		229.00		0.99		0.90		205.97
18		1.00		0.90		117.00		0.95		0.86		54.92
19		0.99		0.89		132.00		0.98		0.91		165.19
20		1.00		0.95		102.00		0.94		0.86		25.70
21		0.99		0.93		103.00		0.99		0.94		54.75
22		0.99		0.93		13.00		0.95		0.83		8.86
23		1.00		0.93		61.00		0.99		0.91		106.39
24		0.98		0.95		40.00		0.92		0.85		12.35
25		0.99		0.89		12.00		0.95		0.87		6.38
26		0.99		0.90		41.00		0.98		0.86		27.45
27		0.99		0.93		38.00		0.96		0.91		24.79
28		1.00		0.89		14.00		0.92		0.85		7.92
29		0.99		0.84		53.00		0.94		0.83		18.75
30		0.98		0.98		32.00		0.96		0.92		15.45
		0.99		0.91		67.93		0.96		0.88		51.54		18.49


SMK_CAN_187
Fold	AccTrBest	AccTeBest	FeatBest	AccTrAvg	AccTeAvg	FeatAvg	Time
1		0.83		0.74		14.00		0.78		0.64		7.25
2		0.84		0.68		14.00		0.75		0.63		5.67
3		0.86		0.58		11.00		0.79		0.64		5.13
4		0.91		0.58		39.00		0.80		0.56		13.36
5		0.85		0.63		16.00		0.80		0.61		9.40
6		0.85		0.58		21.00		0.78		0.56		9.00
7		0.82		0.54		286.00		0.78		0.59		68.00
8		0.86		0.58		14.00		0.79		0.67		7.67
9		0.85		0.58		49.00		0.77		0.59		14.33
10		0.88		0.54		39.00		0.81		0.57		10.50
11		0.84		0.63		15.00		0.77		0.59		6.09
12		0.81		0.67		131.00		0.75		0.67		41.69
13		0.83		0.75		18.00		0.76		0.65		7.88
14		0.85		0.65		55.00		0.78		0.60		19.90
15		0.83		0.65		103.00		0.79		0.64		83.46
16		0.85		0.58		28.00		0.80		0.60		14.22
17		0.85		0.63		18.00		0.75		0.58		7.38
18		0.79		0.60		4.00		0.77		0.59		9.38
19		0.86		0.65		40.00		0.78		0.62		9.63
20		0.91		0.54		16.00		0.80		0.58		8.00
21		0.88		0.67		34.00		0.79		0.62		14.69
22		0.86		0.44		8.00		0.73		0.51		4.00
23		0.85		0.68		65.00		0.77		0.64		55.38
24		0.91		0.61		26.00		0.80		0.61		10.33
25		0.86		0.68		22.00		0.79		0.64		11.63
26		0.84		0.58		19.00		0.78		0.61		7.50
27		0.85		0.60		11.00		0.69		0.57		3.29
28		0.92		0.61		107.00		0.81		0.58		36.38
29		0.86		0.65		49.00		0.79		0.59		18.08
30		0.82		0.70		15.00		0.74		0.60		6.86
		0.85		0.62		42.90		0.78		0.61		17.54		105.43


gse19804
Fold	AccTrBest	AccTeBest	FeatBest	AccTrAvg	AccTeAvg	FeatAvg	Time
1		0.99		0.92		20.00		0.99		0.89		14.52
2		1.00		0.97		11.00		0.99		0.94		8.08
3		0.96		0.94		83.00		0.96		0.93		78.30
4		0.99		0.94		35.00		0.96		0.94		29.00
5		0.96		0.86		71.00		0.96		0.87		72.02
6		0.98		0.92		72.00		0.97		0.92		68.00
7		0.99		0.94		5.00		0.95		0.88		2.67
8		1.00		0.92		22.00		1.00		0.88		17.87
9		0.96		0.89		89.00		0.96		0.88		81.13
10		1.00		0.94		16.00		0.99		0.93		10.50
11		0.99		0.94		14.00		0.99		0.94		12.96
12		1.00		0.81		21.00		1.00		0.85		13.70
13		0.98		0.86		21.00		0.98		0.88		32.38
14		1.00		0.83		15.00		0.99		0.87		8.50
15		1.00		0.92		20.00		0.99		0.89		14.69
16		0.99		0.89		2.00		0.99		0.91		7.56
17		0.98		0.83		124.00		0.98		0.87		101.20
18		0.99		0.94		7.00		0.96		0.92		5.89
19		0.99		0.94		38.00		0.97		0.94		35.43
20		0.99		0.86		15.00		0.99		0.90		10.49
21		0.99		0.86		3.00		0.99		0.89		3.00
22		0.99		0.89		21.00		0.99		0.90		12.96
23		0.99		0.92		3.00		0.99		0.91		4.25
24		0.99		0.97		26.00		0.96		0.99		17.17
25		0.98		0.92		64.00		0.97		0.89		49.15
26		0.99		0.89		9.00		0.98		0.92		9.73
27		0.96		0.92		31.00		0.96		0.96		20.60
28		0.98		0.92		22.00		0.97		0.90		15.47
29		1.00		0.94		11.00		0.97		0.94		7.00
30		0.98		0.83		205.00		0.98		0.85		134.13
		0.99		0.90		36.53		0.98		0.91		29.95		79.88


GLI_85
Fold	AccTrBest	AccTeBest	FeatBest	AccTrAvg	AccTeAvg	FeatAvg	Time
1		1.00		0.85		6.00		0.97		0.85		18.83
2		0.98		0.96		92.00		0.97		0.88		48.74
3		1.00		0.96		20.00		0.98		0.84		14.40
4		1.00		0.81		712.00		1.00		0.87		159.58
5		1.00		0.81		43.00		0.98		0.76		12.40
6		1.00		0.81		21.00		0.98		0.79		11.85
7		1.00		0.81		3.00		0.97		0.79		2.50
8		1.00		0.81		52.00		0.99		0.84		27.69
9		0.98		0.81		118.00		0.98		0.89		108.97
10		1.00		0.92		3.00		0.90		0.88		2.25
11		1.00		0.88		9.00		0.96		0.78		5.82
12		1.00		0.88		52.00		0.97		0.89		18.71
13		1.00		0.85		30.00		1.00		0.81		18.07
14		1.00		0.92		55.00		0.97		0.82		15.86
15		0.97		0.81		140.00		0.96		0.79		138.26
16		1.00		0.65		25.00		1.00		0.82		36.79
17		0.98		0.92		217.00		0.98		0.84		26.04
18		1.00		0.88		20.00		0.91		0.75		5.50
19		0.98		0.85		8.00		0.94		0.79		5.33
20		1.00		0.85		81.00		0.99		0.83		18.00
21		1.00		0.81		6.00		0.99		0.76		5.50
22		1.00		0.92		15.00		1.00		0.90		12.18
23		1.00		0.85		11.00		0.97		0.79		7.18


GLI_85
Fold	AccTrBest	AccTeBest	FeatBest	AccTrAvg	AccTeAvg	FeatAvg	Time
1		1.00		0.88		17.00		0.93		0.91		6.50
2		1.00		0.85		18.00		0.98		0.83		11.64
3		1.00		0.88		9.00		0.99		0.85		6.57
4		1.00		0.85		25.00		1.00		0.78		22.16
5		1.00		0.96		85.00		0.97		0.88		32.40
6		1.00		0.69		53.00		0.98		0.74		44.42
7		1.00		0.85		26.00		1.00		0.85		16.37
8		1.00		0.77		1639.00		1.00		0.80		348.11
9		1.00		0.85		10.00		0.98		0.82		9.56
10		1.00		0.77		6.00		0.99		0.81		8.73
11		1.00		0.85		77.00		1.00		0.79		57.14
12		1.00		0.73		9.00		0.93		0.78		4.60
13		1.00		0.81		632.00		1.00		0.81		42.00
14		1.00		0.85		5.00		0.89		0.75		3.00
15		1.00		0.92		54.00		0.94		0.84		11.13
16		1.00		0.81		39.00		1.00		0.82		22.27
17		1.00		0.85		11.00		0.95		0.85		9.56
18		1.00		0.96		60.00		0.99		0.82		28.33
19		0.98		1.00		52.00		0.92		0.94		17.56
20		0.98		0.77		23.00		0.98		0.83		41.33
21		0.98		0.81		8.00		0.98		0.87		34.10
22		1.00		0.85		111.00		0.99		0.86		51.52
23		1.00		0.77		16.00		1.00		0.77		8.47
24		1.00		0.85		87.00		0.99		0.87		37.59
25		1.00		0.69		20.00		0.97		0.79		13.39
26		1.00		0.92		76.00		0.99		0.90		58.20
27		1.00		0.73		8.00		0.96		0.73		6.63
28		1.00		0.88		31.00		1.00		0.74		12.98
29		1.00		0.88		411.00		0.99		0.91		303.46
30		1.00		0.85		10.00		0.98		0.79		8.25
		1.00		0.84		120.93		0.98		0.82		42.60		62.25


drivface
Fold	AccTrBest	AccTeBest	FeatBest	AccTrAvg	AccTeAvg	FeatAvg	Time
1		1.00		0.99		8.00		0.99		0.97		4.67
2		1.00		0.96		14.00		1.00		0.97		10.27
3		1.00		0.98		25.00		1.00		0.98		17.36
4		1.00		0.98		22.00		1.00		0.98		19.57
5		1.00		0.97		74.00		1.00		0.97		64.79
6		1.00		0.98		7.00		1.00		0.97		6.31
7		1.00		0.95		35.00		1.00		0.97		20.34
8		1.00		0.98		35.00		0.98		0.97		10.88
9		1.00		0.98		28.00		1.00		0.98		20.93
10		1.00		0.98		16.00		0.98		0.96		6.33
11		1.00		0.98		32.00		1.00		0.99		23.90
12		1.00		0.98		58.00		1.00		0.99		35.33
13		1.00		0.98		20.00		1.00		0.98		16.02
14		1.00		0.98		11.00		0.99		0.98		6.29
15		1.00		0.98		48.00		0.99		0.97		10.60
16		1.00		0.99		9.00		1.00		0.98		56.29
17		1.00		0.98		10.00		1.00		0.98		5.78
18		1.00		0.98		26.00		1.00		0.97		12.43
19		1.00		0.99		33.00		1.00		0.98		26.07
20		1.00		0.98		134.00		1.00		0.98		107.69
21		1.00		0.99		9.00		0.99		0.98		5.45
22		1.00		0.98		12.00		1.00		0.97		14.31
23		1.00		0.98		29.00		0.99		0.98		15.75
24		1.00		0.98		34.00		0.99		0.98		29.85
25		1.00		0.99		70.00		1.00		0.99		54.50
26		1.00		0.98		25.00		0.99		0.97		12.50
27		1.00		0.97		3.00		1.00		0.97		28.79
28		1.00		0.98		164.00		1.00		0.98		50.69
29		1.00		0.98		18.00		0.99		0.97		9.55
30		1.00		0.98		10.00		0.99		0.97		7.22
		1.00		0.98		33.97		0.99		0.98		23.68		151.09


RELATHE
Fold	AccTrBest	AccTeBest	FeatBest	AccTrAvg	AccTeAvg	FeatAvg	Time
1		0.90		0.79		141.00		0.80		0.77		57.72
2		0.88		0.81		110.00		0.80		0.74		40.83
3		0.88		0.78		119.00		0.81		0.73		40.77
4		0.90		0.81		291.00		0.82		0.74		78.55
5		0.89		0.79		129.00		0.81		0.73		45.66
6		0.90		0.84		745.00		0.81		0.77		182.52
7		0.89		0.81		219.00		0.80		0.76		65.41
8		0.92		0.83		189.00		0.84		0.75		81.59
9		0.90		0.79		180.00		0.81		0.74		52.69
10		0.89		0.83		133.00		0.81		0.78		57.19
11		0.88		0.81		200.00		0.81		0.73		58.14
12		0.87		0.77		310.00		0.80		0.75		50.12
13		0.88		0.78		93.00		0.82		0.75		47.12
14		0.89		0.81		161.00		0.83		0.76		69.47
15		0.89		0.81		192.00		0.80		0.76		61.10
16		0.88		0.83		103.00		0.80		0.75		41.63
17		0.90		0.82		164.00		0.80		0.75		57.49
18		0.88		0.83		199.00		0.82		0.78		74.86
19		0.89		0.81		202.00		0.81		0.75		78.43
20		0.89		0.77		100.00		0.81		0.72		45.02
21		0.90		0.84		492.00		0.84		0.76		85.56


RELATHE
Fold	AccTrBest	AccTeBest	FeatBest	AccTrAvg	AccTeAvg	FeatAvg	Time
1		0.90		0.81		135.00		0.81		0.77		51.66
2		0.90		0.79		212.00		0.81		0.72		45.96
3		0.91		0.82		216.00		0.83		0.75		78.67
4		0.89		0.77		143.00		0.81		0.73		53.41
5		0.91		0.80		118.00		0.85		0.76		48.47
6		0.88		0.79		102.00		0.79		0.74		38.46
7		0.87		0.79		203.00		0.80		0.72		46.89
8		0.88		0.83		107.00		0.82		0.77		52.19
9		0.89		0.81		188.00		0.82		0.74		55.12
10		0.90		0.80		161.00		0.82		0.76		45.43
11		0.89		0.77		98.00		0.82		0.73		41.69
12		0.91		0.80		133.00		0.83		0.76		58.92
13		0.90		0.78		159.00		0.82		0.76		66.29
14		0.92		0.79		310.00		0.82		0.74		63.55
15		0.89		0.83		170.00		0.84		0.74		71.47
16		0.89		0.82		139.00		0.82		0.74		53.31
17		0.89		0.81		197.00		0.79		0.75		57.61
18		0.90		0.77		150.00		0.81		0.74		54.49
19		0.91		0.79		189.00		0.84		0.76		64.42
20		0.90		0.83		239.00		0.82		0.76		85.06
21		0.88		0.83		87.00		0.80		0.77		35.61
22		0.89		0.82		118.00		0.82		0.77		49.87
23		0.89		0.80		108.00		0.80		0.75		40.86
24		0.91		0.79		216.00		0.82		0.73		71.43
25		0.88		0.80		112.00		0.81		0.76		41.90
26		0.88		0.78		77.00		0.79		0.73		32.25
27		0.88		0.81		115.00		0.79		0.73		41.37
28		0.90		0.81		398.00		0.82		0.74		73.94
29		0.89		0.82		142.00		0.81		0.76		54.42
30		0.88		0.81		118.00		0.81		0.75		40.43
		0.89		0.80		162.00		0.81		0.75		53.84		731.79


COIL20
Fold	AccTrBest	AccTeBest	FeatBest	AccTrAvg	AccTeAvg	FeatAvg	Time
1		1.00		0.98		34.00		0.99		0.97		39.90
2		1.00		1.00		275.00		0.99		0.99		107.90
3		1.00		1.00		63.00		0.99		0.98		51.86
4		1.00		0.99		23.00		0.98		0.97		55.57
5		1.00		1.00		60.00		0.99		0.99		55.02
6		1.00		1.00		36.00		0.95		0.94		48.35
7		1.00		1.00		117.00		0.99		0.99		95.56
8		1.00		0.99		53.00		0.94		0.93		23.94
9		1.00		1.00		218.00		0.99		0.98		173.07
10		1.00		1.00		76.00		0.99		0.98		61.40
11		1.00		1.00		95.00		0.99		0.98		71.17
12		1.00		1.00		25.00		0.99		0.99		63.62
13		1.00		0.99		60.00		0.99		0.98		55.32
14		1.00		1.00		48.00		0.98		0.97		25.26
15		1.00		1.00		86.00		0.99		0.98		67.38
16		1.00		1.00		81.00		0.99		0.98		64.51
17		1.00		0.99		32.00		0.99		0.98		121.78
18		1.00		1.00		164.00		0.98		0.98		66.01
19		1.00		1.00		88.00		0.98		0.98		51.10
20		1.00		1.00		368.00		0.99		0.98		224.38
21		1.00		1.00		67.00		0.99		0.98		54.54
22		1.00		1.00		248.00		0.98		0.98		102.86
23		1.00		1.00		76.00		0.98		0.97		61.97
24		1.00		1.00		98.00		0.99		0.99		84.67
25		1.00		1.00		90.00		0.99		0.99		81.21
26		1.00		1.00		43.00		0.97		0.96		27.34
27		1.00		0.98		88.00		0.99		0.97		48.35
28		1.00		1.00		305.00		0.99		0.99		183.43
29		1.00		1.00		33.00		0.99		0.98		59.36
30		1.00		1.00		125.00		0.98		0.97		62.60
		1.00		1.00		105.83		0.98		0.98		76.31		253.84


Isolet
Fold	AccTrBest	AccTeBest	FeatBest	AccTrAvg	AccTeAvg	FeatAvg	Time
1		0.92		0.89		94.00		0.74		0.72		26.76
2		0.92		0.87		66.00		0.78		0.76		25.44
3		0.91		0.89		84.00		0.77		0.74		28.27
4		0.91		0.90		88.00		0.72		0.71		25.84
5		0.91		0.88		101.00		0.77		0.74		29.54
6		0.90		0.86		40.00		0.75		0.72		17.54
7		0.92		0.85		42.00		0.79		0.75		20.73
8		0.94		0.89		126.00		0.79		0.74		31.22
9		0.92		0.87		96.00		0.81		0.76		28.71
10		0.91		0.91		141.00		0.75		0.74		27.63
11		0.92		0.88		124.00		0.80		0.77		36.09
12		0.92		0.87		110.00		0.79		0.77		31.65
13		0.91		0.89		85.00		0.78		0.76		23.74
14		0.91		0.88		129.00		0.76		0.74		26.91
15		0.93		0.86		78.00		0.77		0.73		27.21
16		0.93		0.90		160.00		0.79		0.78		39.78
17		0.92		0.91		146.00		0.80		0.79		35.13
18		0.93		0.89		49.00		0.80		0.75		23.38
19		0.94		0.90		99.00		0.84		0.81		40.52
20		0.91		0.87		129.00		0.79		0.76		30.38
21		0.90		0.89		60.00		0.76		0.74		21.29
22		0.92		0.88		62.00		0.80		0.75		24.00
23		0.92		0.90		53.00		0.76		0.73		22.28
24		0.92		0.87		85.00		0.81		0.78		33.12
25		0.91		0.87		52.00		0.81		0.77		26.15
26		0.93		0.89		82.00		0.77		0.74		32.77
27		0.92		0.87		81.00		0.78		0.74		30.07
28		0.93		0.82		109.00		0.83		0.77		32.41
29		0.91		0.87		71.00		0.76		0.73		21.32
30		0.91		0.91		64.00		0.74		0.74		24.04
		0.92		0.88		90.20		0.78		0.75		28.13		246.54


PCMAC
Fold	AccTrBest	AccTeBest	FeatBest	AccTrAvg	AccTeAvg	FeatAvg	Time
1		0.90		0.88		55.00		0.86		0.85		19.91
2		0.90		0.86		40.00		0.87		0.84		23.35
3		0.90		0.87		27.00		0.87		0.85		18.59
4		0.90		0.86		34.00		0.87		0.84		21.12
5		0.89		0.83		73.00		0.85		0.82		29.83
6		0.91		0.90		34.00		0.85		0.86		20.00
7		0.90		0.88		32.00		0.88		0.86		21.46
8		0.91		0.87		34.00		0.86		0.82		20.37
9		0.91		0.86		170.00		0.86		0.86		50.75
10		0.91		0.86		50.00		0.88		0.85		26.71
11		0.90		0.87		30.00		0.87		0.85		21.36
12		0.92		0.86		48.00		0.88		0.84		26.12
13		0.90		0.83		27.00		0.84		0.80		14.44
14		0.89		0.86		41.00		0.87		0.86		27.68
15		0.91		0.89		62.00		0.86		0.84		23.00
16		0.90		0.87		36.00		0.86		0.85		19.53
17		0.90		0.86		38.00		0.87		0.86		22.61
18		0.88		0.87		40.00		0.84		0.83		23.88
19		0.91		0.89		29.00		0.86		0.86		17.13
20		0.90		0.87		37.00		0.85		0.85		21.64
21		0.90		0.87		45.00		0.87		0.86		22.64
22		0.90		0.87		36.00		0.87		0.86		24.67
23		0.89		0.86		38.00		0.87		0.85		22.60
24		0.90		0.86		34.00		0.88		0.85		22.67
25		0.88		0.86		34.00		0.85		0.85		20.82
26		0.90		0.88		40.00		0.86		0.85		20.61
27		0.89		0.88		43.00		0.84		0.83		22.30
28		0.89		0.87		39.00		0.85		0.84		20.57
29		0.92		0.88		50.00		0.88		0.86		29.94
30		0.90		0.87		45.00		0.87		0.86		24.38
		0.90		0.87		44.70		0.86		0.85		23.36		947.15


BASEHOCK
Fold	AccTrBest	AccTeBest	FeatBest	AccTrAvg	AccTeAvg	FeatAvg	Time
1		0.96		0.91		46.00		0.92		0.89		29.06
2		0.95		0.93		46.00		0.91		0.89		22.81
3		0.95		0.92		44.00		0.93		0.91		26.61
4		0.95		0.92		49.00		0.92		0.89		26.23
5		0.95		0.93		56.00		0.92		0.90		30.88
6		0.95		0.91		37.00		0.93		0.90		24.92
7		0.95		0.93		43.00		0.89		0.89		20.50
8		0.95		0.93		49.00		0.91		0.87		26.29
9		0.94		0.92		39.00		0.88		0.84		22.47
10		0.95		0.93		36.00		0.93		0.90		24.27
11		0.96		0.92		63.00		0.91		0.88		27.73
12		0.96		0.94		56.00		0.95		0.94		41.33
13		0.95		0.91		50.00		0.92		0.91		27.64
14		0.95		0.94		47.00		0.90		0.89		22.55
15		0.95		0.91		39.00		0.89		0.86		18.60
16		0.95		0.95		78.00		0.93		0.93		35.64
17		0.95		0.92		43.00		0.91		0.88		24.59
18		0.96		0.95		44.00		0.92		0.92		28.72
19		0.95		0.90		52.00		0.91		0.88		30.50
20		0.95		0.93		42.00		0.92		0.90		27.94
21		0.95		0.94		56.00		0.89		0.89		28.38
22		0.95		0.91		47.00		0.92		0.89		33.38
23		0.95		0.91		56.00		0.92		0.87		30.43
24		0.95		0.91		36.00		0.88		0.85		18.63
25		0.95		0.93		34.00		0.93		0.92		23.46
26		0.96		0.92		46.00		0.90		0.88		24.38
27		0.95		0.93		35.00		0.90		0.89		19.11
28		0.94		0.91		50.00		0.91		0.89		26.08
29		0.95		0.93		37.00		0.91		0.89		22.39
30		0.95		0.94		69.00		0.86		0.87		23.19
		0.95		0.92		47.50		0.91		0.89		26.29		1366.97


RELATHE
Fold	AccTrBest	AccTeBest	FeatBest	AccTrAvg	AccTeAvg	FeatAvg	Time


SRBCT
Fold	AccTrBest	AccTeBest	FeatBest	AccTrAvg	AccTeAvg	FeatAvg	Time


SRBCT
Fold	AccTrBest	AccTeBest	FeatBest	AccTrAvg	AccTeAvg	FeatAvg	Time


ORL
Fold	AccTrBest	AccTeBest	FeatBest	AccTrAvg	AccTeAvg	FeatAvg	Time


ORL
Fold	AccTrBest	AccTeBest	FeatBest	AccTrAvg	AccTeAvg	FeatAvg	Time
1		0.95		0.84		79.00		0.81		0.71		24.30
2		0.97		0.86		46.00		0.80		0.73		17.33
3		0.96		0.91		56.00		0.82		0.80		23.10
4		0.94		0.84		44.00		0.81		0.73		18.32
5		0.94		0.91		49.00		0.79		0.75		20.05
6		0.95		0.91		95.00		0.76		0.74		20.86
7		0.94		0.83		181.00		0.85		0.75		48.45
8		0.95		0.88		74.00		0.80		0.71		16.08
9		0.95		0.88		49.00		0.84		0.75		20.43
10		0.95		0.89		35.00		0.85		0.81		19.41
11		0.96		0.88		46.00		0.81		0.74		18.72
12		0.94		0.90		170.00		0.84		0.75		59.55
13		0.95		0.92		71.00		0.87		0.84		23.96
14		0.97		0.91		82.00		0.84		0.78		20.25
15		0.96		0.85		112.00		0.84		0.71		22.15
16		0.95		0.78		49.00		0.82		0.64		17.10
17		0.98		0.82		71.00		0.85		0.76		26.35
18		0.97		0.87		56.00		0.88		0.77		23.73
19		0.96		0.89		50.00		0.80		0.74		16.61
20		0.95		0.83		114.00		0.81		0.70		26.40
21		0.95		0.88		74.00		0.85		0.76		20.91
22		0.96		0.92		44.00		0.86		0.77		21.33
23		0.95		0.88		93.00		0.85		0.76		33.31
24		0.95		0.94		130.00		0.81		0.80		27.81
25		0.95		0.87		58.00		0.76		0.67		16.25
26		0.94		0.86		71.00		0.81		0.77		20.04
27		0.97		0.89		69.00		0.82		0.75		21.41
28		0.95		0.87		136.00		0.89		0.80		44.13
29		0.96		0.91		108.00		0.81		0.74		38.45
30		0.95		0.89		63.00		0.76		0.70		14.38
		0.95		0.88		79.17		0.82		0.75		24.71		23.10


SRBCT
Fold	AccTrBest	AccTeBest	FeatBest	AccTrAvg	AccTeAvg	FeatAvg	Time
1		1.00		0.88		48.00		1.00		0.92		23.92
2		1.00		0.96		63.00		0.99		0.91		39.29
3		1.00		0.92		26.00		0.99		0.92		24.11
4		1.00		0.92		6.00		0.99		0.88		53.43
5		1.00		0.96		63.00		1.00		0.96		45.14
6		1.00		0.92		10.00		1.00		0.85		57.93
7		1.00		0.88		15.00		0.99		0.92		15.05
8		1.00		0.92		46.00		0.99		0.89		58.81
9		1.00		0.92		9.00		0.99		0.84		106.63
10		1.00		1.00		49.00		1.00		0.94		58.28
11		1.00		0.88		35.00		1.00		0.93		27.33
12		1.00		0.92		10.00		1.00		0.91		17.01
13		1.00		0.88		12.00		0.99		0.91		72.41
14		1.00		0.72		7.00		1.00		0.79		17.01
15		1.00		0.84		105.00		1.00		0.91		46.18
16		1.00		0.96		11.00		0.99		0.88		45.53
17		1.00		0.88		70.00		0.99		0.86		68.33
18		1.00		0.92		25.00		0.99		0.91		15.97
19		1.00		0.96		13.00		1.00		0.89		66.01
20		1.00		0.88		21.00		1.00		0.87		21.95
21		1.00		0.80		22.00		1.00		0.91		14.78
22		1.00		0.96		63.00		0.98		0.80		18.94
23		1.00		0.96		17.00		1.00		0.92		77.42
24		1.00		0.88		35.00		1.00		0.90		73.94
25		1.00		1.00		48.00		1.00		0.91		35.73
26		1.00		1.00		45.00		0.99		0.91		21.58
27		1.00		0.88		11.00		0.98		0.88		12.43
28		1.00		0.92		31.00		1.00		0.92		33.40
29		1.00		0.84		26.00		0.99		0.83		26.57
30		1.00		0.96		10.00		0.99		0.87		14.89
		1.00		0.91		31.73		0.99		0.89		40.33		10.40


lymphoma
Fold	AccTrBest	AccTeBest	FeatBest	AccTrAvg	AccTeAvg	FeatAvg	Time
1		0.99		0.97		35.00		0.97		0.84		28.64
2		0.99		0.93		87.00		0.97		0.81		121.45
3		1.00		0.97		171.00		0.99		0.92		124.60
4		0.99		0.90		108.00		0.96		0.82		111.54
5		0.99		0.86		24.00		0.96		0.84		60.18
6		0.96		0.69		56.00		0.94		0.73		63.08
7		0.99		0.90		96.00		0.98		0.88		111.29
8		0.97		0.76		13.00		0.95		0.87		104.00
9		1.00		0.90		201.00		0.99		0.85		185.01
10		0.99		0.93		178.00		0.96		0.83		36.62
11		1.00		0.97		168.00		0.99		0.87		76.64
12		0.99		0.93		117.00		0.97		0.83		55.46
13		0.97		0.90		47.00		0.97		0.81		74.43
14		0.99		0.97		156.00		0.98		0.89		135.90
15		0.99		0.83		107.00		0.95		0.84		90.70
16		1.00		1.00		110.00		0.99		0.75		30.81
17		0.99		0.76		40.00		0.96		0.82		46.79
18		0.99		0.93		188.00		0.98		0.87		123.76
19		0.99		0.79		14.00		0.98		0.75		86.53
20		0.99		0.83		98.00		0.97		0.79		85.15
21		0.99		0.97		89.00		0.97		0.91		71.45
22		0.99		0.79		12.00		0.97		0.84		45.89
23		1.00		0.76		70.00		0.98		0.82		94.98
24		1.00		0.59		12.00		0.97		0.61		71.78
25		1.00		0.69		22.00		0.98		0.85		65.10
26		0.97		0.86		87.00		0.96		0.88		99.97
27		0.97		0.90		154.00		0.96		0.90		108.59
28		0.99		0.76		64.00		0.97		0.80		61.31
29		0.99		0.79		26.00		0.98		0.89		74.89
30		0.99		0.83		45.00		0.93		0.81		23.63
		0.99		0.85		86.50		0.97		0.83		82.34		22.25


9Tumor
Fold	AccTrBest	AccTeBest	FeatBest	AccTrAvg	AccTeAvg	FeatAvg	Time
1		0.71		0.28		18.00		0.49		0.24		5.92
2		0.86		0.28		47.00		0.65		0.18		12.92
3		0.81		0.28		22.00		0.62		0.22		10.29
4		0.71		0.22		17.00		0.54		0.29		31.33
5		0.74		0.33		64.00		0.66		0.35		32.79
6		0.86		0.44		28.00		0.62		0.21		8.65
7		0.71		0.22		23.00		0.62		0.26		15.50
8		0.81		0.28		28.00		0.63		0.27		11.00
9		0.81		0.28		59.00		0.67		0.30		43.50
10		0.81		0.22		13.00		0.69		0.24		9.86
11		0.71		0.44		23.00		0.50		0.28		7.75
12		0.74		0.44		31.00		0.58		0.35		12.09
13		0.76		0.33		68.00		0.65		0.39		30.00
14		0.81		0.33		57.00		0.63		0.26		30.17
15		0.74		0.28		31.00		0.63		0.30		10.30
16		0.79		0.39		35.00		0.62		0.31		17.56
17		0.76		0.50		57.00		0.63		0.34		31.09
18		0.79		0.39		37.00		0.62		0.34		15.22
19		0.83		0.33		44.00		0.70		0.25		17.82
20		0.81		0.39		34.00		0.67		0.35		19.86
21		0.76		0.44		55.00		0.63		0.32		25.50
22		0.83		0.22		18.00		0.51		0.13		5.78
23		0.83		0.11		48.00		0.72		0.21		23.50
24		0.81		0.39		31.00		0.62		0.23		13.11
25		0.74		0.17		33.00		0.54		0.13		9.11
26		0.74		0.17		56.00		0.65		0.23		37.41
27		0.83		0.17		50.00		0.72		0.16		34.00
28		0.79		0.17		29.00		0.61		0.21		8.71
29		0.86		0.56		39.00		0.82		0.41		27.07
30		0.74		0.44		52.00		0.64		0.33		35.00
		0.78		0.32		38.23		0.63		0.27		19.76		15.76


TOX_171
Fold	AccTrBest	AccTeBest	FeatBest	AccTrAvg	AccTeAvg	FeatAvg	Time
1		0.95		0.81		33.00		0.82		0.74		16.24
2		0.96		0.83		62.00		0.77		0.69		14.60
3		0.95		0.85		166.00		0.92		0.74		102.35
4		0.97		0.92		27.00		0.81		0.70		11.94
5		0.97		0.75		83.00		0.90		0.69		35.92
6		0.96		0.85		108.00		0.88		0.67		27.23
7		0.97		0.85		106.00		0.88		0.71		45.61
8		0.97		0.85		42.00		0.82		0.71		15.63
9		0.95		0.81		2044.00		0.93		0.80		1480.66
10		0.96		0.83		46.00		0.81		0.60		17.23
11		0.98		0.94		62.00		0.88		0.77		30.11
12		0.98		0.87		31.00		0.84		0.74		15.75
13		0.98		0.88		74.00		0.93		0.85		35.44
14		0.99		0.88		72.00		0.89		0.75		42.07
15		0.97		0.73		36.00		0.79		0.61		12.40
16		0.97		0.85		36.00		0.79		0.68		12.13
17		0.98		0.85		151.00		0.90		0.72		58.68
18		0.99		0.81		56.00		0.87		0.66		21.86
19		0.96		0.90		131.00		0.77		0.60		22.31
20		0.95		0.83		33.00		0.81		0.68		10.47
21		0.97		0.88		80.00		0.89		0.78		28.05
22		0.97		0.81		83.00		0.87		0.75		35.53
23		0.97		0.77		49.00		0.83		0.68		20.52
24		0.98		0.92		36.00		0.82		0.64		13.36
25		0.98		0.85		74.00		0.91		0.74		28.56
26		0.98		0.81		165.00		0.89		0.73		44.00
27		0.98		0.83		32.00		0.95		0.81		25.00
28		0.97		0.73		46.00		0.85		0.67		19.61
29		0.98		0.85		55.00		0.81		0.64		17.17
30		0.98		0.83		72.00		0.82		0.69		28.54
		0.97		0.84		136.37		0.85		0.71		76.30		33.81


ALLAML
Fold	AccTrBest	AccTeBest	FeatBest	AccTrAvg	AccTeAvg	FeatAvg	Time
1		1.00		0.86		5.00		1.00		0.90		20.49
2		1.00		0.91		23.00		1.00		0.89		21.21
3		1.00		0.91		66.00		1.00		0.94		39.60
4		1.00		0.95		15.00		1.00		0.92		17.69
5		1.00		0.77		4.00		1.00		0.88		10.70
6		1.00		0.77		8.00		1.00		0.80		18.05
7		1.00		0.91		15.00		1.00		0.92		10.04
8		1.00		0.82		5.00		1.00		0.87		13.79
9		1.00		0.95		5.00		1.00		0.92		39.78
10		1.00		1.00		2.00		1.00		0.91		26.17
11		1.00		1.00		45.00		1.00		0.95		54.47
12		1.00		0.95		3.00		0.99		0.92		24.76
13		1.00		0.82		12.00		1.00		0.90		26.06
14		1.00		0.86		6.00		1.00		0.93		45.35
15		1.00		0.91		3.00		1.00		0.93		21.06
16		1.00		0.95		5.00		1.00		0.93		15.80
17		1.00		0.91		15.00		1.00		0.85		12.63
18		1.00		0.95		48.00		1.00		0.98		59.72
19		1.00		0.91		31.00		1.00		0.90		18.16
20		1.00		0.82		50.00		1.00		0.93		45.30
21		1.00		0.86		85.00		1.00		0.89		84.28
22		1.00		0.91		4.00		1.00		0.93		19.42
23		1.00		0.95		3.00		1.00		0.89		12.39
24		1.00		1.00		41.00		1.00		0.95		69.31
25		1.00		1.00		90.00		1.00		0.95		71.17
26		1.00		0.91		2.00		1.00		0.88		19.52
27		1.00		0.95		12.00		1.00		0.94		36.31
28		1.00		0.86		17.00		1.00		0.94		26.93
29		1.00		0.82		2.00		1.00		0.88		35.87
30		1.00		1.00		52.00		1.00		0.93		34.05
		1.00		0.91		22.47		1.00		0.91		31.67		33.81


Carcinom
Fold	AccTrBest	AccTeBest	FeatBest	AccTrAvg	AccTeAvg	FeatAvg	Time
1		0.96		0.92		54.00		0.84		0.75		24.35
2		0.95		0.89		327.00		0.87		0.80		153.88
3		0.96		0.83		107.00		0.91		0.80		61.36
4		0.95		0.79		147.00		0.86		0.78		45.25
5		0.97		0.87		28.00		0.79		0.60		10.81
6		0.95		0.83		132.00		0.84		0.74		38.04
7		0.96		0.83		106.00		0.79		0.72		33.08
8		0.96		0.83		82.00		0.88		0.74		34.44
9		0.97		0.87		74.00		0.82		0.70		26.25
10		0.96		0.83		99.00		0.86		0.82		61.06
11		0.96		0.85		61.00		0.82		0.61		21.75
12		0.97		0.83		116.00		0.85		0.70		44.81
13		0.95		0.83		47.00		0.85		0.76		17.45
14		0.98		0.77		46.00		0.90		0.71		24.64
15		0.95		0.83		32.00		0.78		0.60		13.00
16		0.96		0.89		143.00		0.86		0.82		57.39
17		0.96		0.87		86.00		0.94		0.88		65.47
18		0.97		0.91		200.00		0.87		0.75		48.29
19		0.95		0.87		54.00		0.78		0.67		15.79
20		0.96		0.89		66.00		0.87		0.79		34.21
21		0.96		0.75		80.00		0.79		0.62		17.35
22		0.98		0.79		62.00		0.86		0.68		21.64
23		0.97		0.91		53.00		0.87		0.76		30.37
24		0.97		0.79		119.00		0.83		0.74		30.06
25		0.95		0.92		69.00		0.79		0.75		15.82
26		0.97		0.77		87.00		0.86		0.66		15.25
27		0.98		0.75		99.00		0.91		0.72		53.08
28		0.95		0.89		35.00		0.83		0.79		19.04
29		0.98		0.75		82.00		0.87		0.70		39.32
30		0.96		0.89		342.00		0.89		0.75		70.17
		0.96		0.84		101.17		0.85		0.73		38.11		52.73


arcene
Fold	AccTrBest	AccTeBest	FeatBest	AccTrAvg	AccTeAvg	FeatAvg	Time
1		0.96		0.73		52.00		0.93		0.75		35.60
2		0.96		0.78		131.00		0.86		0.79		67.00
3		0.96		0.80		76.00		0.91		0.76		24.31
4		0.96		0.83		89.00		0.92		0.82		46.00
5		0.96		0.82		153.00		0.89		0.75		20.85
6		0.96		0.82		49.00		0.85		0.76		13.17
7		0.94		0.88		80.00		0.85		0.78		28.60
8		0.96		0.88		145.00		0.88		0.81		39.00
9		0.96		0.88		49.00		0.89		0.80		26.86
10		0.96		0.87		145.00		0.87		0.72		32.00
11		0.97		0.80		133.00		0.90		0.79		32.86
12		0.97		0.88		29.00		0.93		0.77		13.85
13		0.98		0.82		19.00		0.93		0.80		12.00
14		0.94		0.90		200.00		0.92		0.87		143.19
15		0.95		0.87		21.00		0.90		0.79		12.08
16		0.96		0.75		15.00		0.92		0.73		7.29
17		0.96		0.77		108.00		0.91		0.81		66.42
18		0.96		0.80		80.00		0.89		0.75		36.59
19		0.96		0.82		121.00		0.94		0.82		95.06
20		0.95		0.80		36.00		0.91		0.78		19.53
21		0.95		0.85		505.00		0.93		0.81		248.67
22		0.96		0.72		170.00		0.95		0.74		142.20
23		0.98		0.68		113.00		0.94		0.75		35.78
24		0.99		0.87		39.00		0.90		0.76		16.40
25		0.94		0.85		30.00		0.88		0.75		12.23
26		0.96		0.85		316.00		0.94		0.83		202.50
27		0.99		0.80		70.00		0.97		0.83		50.94
28		0.97		0.80		189.00		0.95		0.82		152.60
29		0.96		0.88		117.00		0.91		0.82		20.22
30		0.97		0.70		75.00		0.93		0.74		35.64
		0.96		0.82		111.83		0.91		0.78		56.31		74.95


Leukemia2
Fold	AccTrBest	AccTeBest	FeatBest	AccTrAvg	AccTeAvg	FeatAvg	Time
1		1.00		0.91		77.00		0.99		0.88		42.88
2		1.00		0.91		67.00		0.99		0.88		54.94
3		1.00		0.82		87.00		0.99		0.80		19.30
4		1.00		0.91		154.00		0.99		0.89		106.41
5		0.98		0.95		68.00		0.92		0.87		54.22
6		1.00		0.91		21.00		0.99		0.84		23.62
7		1.00		0.77		134.00		0.99		0.84		151.31
8		1.00		0.82		35.00		0.99		0.85		37.79
9		1.00		0.68		33.00		1.00		0.84		22.51
10		1.00		0.82		39.00		0.99		0.85		29.87
11		1.00		0.73		17.00		0.99		0.76		27.68
12		1.00		0.77		44.00		0.98		0.80		127.69
13		1.00		0.91		24.00		1.00		0.91		22.77
14		1.00		0.82		8.00		0.99		0.82		111.20
15		1.00		0.77		39.00		0.99		0.88		119.71
16		1.00		0.86		36.00		0.99		0.85		14.11
17		1.00		0.73		57.00		0.99		0.76		46.42
18		1.00		0.82		59.00		0.99		0.85		78.57
19		0.98		0.86		94.00		0.98		0.89		75.86
20		1.00		0.73		20.00		0.99		0.83		15.50
21		1.00		0.86		82.00		1.00		0.84		53.25
22		1.00		0.77		9.00		0.99		0.82		33.26
23		1.00		1.00		60.00		1.00		0.96		55.55
24		1.00		0.95		21.00		1.00		0.94		22.90
25		1.00		0.95		76.00		0.99		0.89		56.13
26		0.98		0.82		210.00		0.98		0.78		88.85
27		1.00		0.91		106.00		0.98		0.88		74.86
28		1.00		0.95		147.00		1.00		0.92		95.80
29		1.00		0.68		72.00		1.00		0.75		67.59
30		1.00		0.77		18.00		0.99		0.86		33.95
		1.00		0.84		63.80		0.99		0.85		58.82		49.85


Lung
Fold	AccTrBest	AccTeBest	FeatBest	AccTrAvg	AccTeAvg	FeatAvg	Time
1		0.99		0.93		42.00		0.91		0.87		12.33
2		0.99		0.92		105.00		0.98		0.91		67.85
3		1.00		0.84		23.00		0.94		0.82		8.38
4		0.99		0.92		24.00		0.98		0.90		265.47
5		0.99		0.93		74.00		0.96		0.91		32.94
6		0.99		0.90		10.00		0.95		0.84		9.47
7		0.99		0.87		27.00		0.94		0.82		12.53
8		1.00		0.93		28.00		0.93		0.91		9.25
9		1.00		0.92		47.00		0.98		0.91		31.52
10		0.99		0.92		26.00		0.94		0.86		12.15
11		0.99		0.90		66.00		0.95		0.87		30.78
12		0.99		0.97		50.00		0.96		0.88		28.92
13		0.98		0.98		28.00		0.91		0.89		13.18
14		0.98		0.92		27.00		0.97		0.90		20.94
15		0.99		0.87		24.00		0.97		0.85		11.36
16		0.98		0.89		27.00		0.91		0.85		13.67
17		0.99		0.97		61.00		0.91		0.90		12.55
18		1.00		0.92		63.00		0.99		0.92		57.52
19		1.00		0.89		34.00		0.96		0.86		17.83
20		0.99		0.92		156.00		0.98		0.91		52.11
21		0.99		0.90		41.00		0.99		0.92		76.30
22		1.00		0.95		52.00		0.96		0.88		20.22
23		0.99		0.95		29.00		0.98		0.89		21.56
24		1.00		0.89		205.00		0.99		0.89		88.55
25		0.99		0.95		36.00		0.94		0.87		13.75
26		0.99		0.93		13.00		0.92		0.90		8.00
27		0.99		0.89		62.00		0.98		0.89		159.21
28		0.98		0.95		128.00		0.97		0.96		191.49
29		0.99		0.89		19.00		0.89		0.81		6.92
30		0.99		0.90		114.00		0.98		0.87		49.14
		0.99		0.92		54.70		0.95		0.88		45.20		23.69


gse19804
Fold	AccTrBest	AccTeBest	FeatBest	AccTrAvg	AccTeAvg	FeatAvg	Time


colon
Fold	AccTrBest	AccTeBest	FeatBest	AccTrAvg	AccTeAvg	FeatAvg	Time
1		1.00		0.74		7.00		0.99		0.71		36.06
2		0.98		0.79		41.00		0.94		0.80		26.20
3		1.00		0.68		22.00		0.93		0.61		17.90
4		1.00		0.74		26.00		0.96		0.71		12.13
5		1.00		0.89		25.00		0.99		0.73		15.87
6		1.00		0.68		36.00		1.00		0.63		36.68
7		1.00		0.63		24.00		1.00		0.63		11.35
8		1.00		0.89		18.00		0.94		0.80		9.86
9		1.00		0.74		27.00		0.96		0.77		19.67
10		0.98		0.89		23.00		0.97		0.87		17.73
11		0.98		0.84		47.00		0.98		0.78		40.94
12		1.00		0.47		9.00		1.00		0.60		22.29
13		1.00		0.79		38.00		0.98		0.73		30.08
14		1.00		0.89		18.00		0.96		0.80		10.75
15		1.00		0.84		19.00		0.99		0.77		21.45
16		0.98		0.84		24.00		0.96		0.78		15.86
17		1.00		0.74		49.00		1.00		0.75		36.41
18		1.00		0.84		22.00		0.96		0.73		16.43
19		1.00		0.79		13.00		0.94		0.78		8.36
20		1.00		0.68		20.00		0.95		0.70		12.71
21		0.98		0.63		12.00		0.97		0.65		32.23
22		1.00		0.68		6.00		1.00		0.77		11.78
23		1.00		0.68		11.00		0.96		0.77		9.27
24		0.98		0.89		21.00		0.92		0.78		18.61
25		1.00		0.74		10.00		0.95		0.72		7.55
26		1.00		0.68		22.00		0.99		0.76		19.77
27		1.00		0.63		32.00		0.98		0.65		28.74
28		1.00		0.68		10.00		1.00		0.78		14.06
29		1.00		0.68		48.00		0.96		0.72		19.75
30		1.00		0.68		34.00		0.99		0.71		32.78
		1.00		0.75		23.80		0.97		0.73		20.44		7.08


GLIOMA
Fold	AccTrBest	AccTeBest	FeatBest	AccTrAvg	AccTeAvg	FeatAvg	Time
1		0.97		0.73		45.00		0.97		0.74		39.89
2		1.00		0.87		24.00		1.00		0.72		13.33
3		1.00		0.73		113.00		0.99		0.68		107.88
4		1.00		0.33		12.00		0.95		0.45		9.91
5		1.00		0.73		18.00		0.97		0.62		15.20
6		1.00		0.47		14.00		0.94		0.51		10.67
7		1.00		0.73		73.00		0.98		0.65		58.05
8		1.00		0.67		32.00		0.90		0.58		14.93
9		1.00		0.53		4.00		1.00		0.59		18.49
10		1.00		0.80		100.00		0.94		0.64		59.80
11		1.00		0.80		61.00		0.98		0.72		40.29
12		1.00		0.73		15.00		0.90		0.63		6.00
13		1.00		0.60		66.00		0.97		0.61		30.75
14		0.97		0.73		25.00		0.97		0.66		14.89
15		1.00		0.67		13.00		0.95		0.61		9.80
16		0.97		0.60		32.00		0.95		0.65		24.35
17		1.00		0.67		34.00		0.98		0.67		95.49
18		1.00		0.67		11.00		0.99		0.65		10.90
19		0.94		0.73		13.00		0.92		0.67		10.65
20		0.97		0.67		12.00		0.91		0.58		7.79
21		1.00		0.60		41.00		0.92		0.59		23.64
22		1.00		0.73		16.00		0.94		0.63		10.50
23		1.00		0.67		8.00		0.99		0.66		8.43
24		1.00		0.80		49.00		0.98		0.75		34.16
25		1.00		0.47		13.00		0.96		0.40		9.19
26		0.97		0.80		26.00		0.88		0.63		8.50
27		0.97		0.87		14.00		0.84		0.64		7.43
28		1.00		0.53		14.00		0.90		0.59		9.11
29		1.00		0.60		16.00		0.96		0.42		9.76
30		0.97		0.67		18.00		0.92		0.52		9.27
		0.99		0.67		31.07		0.95		0.61		24.30		12.38


Leukemia1
Fold	AccTrBest	AccTeBest	FeatBest	AccTrAvg	AccTeAvg	FeatAvg	Time
1		1.00		0.82		8.00		1.00		0.84		19.82
2		1.00		0.91		5.00		1.00		0.92		145.96
3		1.00		0.77		22.00		1.00		0.84		22.64
4		1.00		0.86		33.00		1.00		0.87		19.09
5		1.00		0.86		3.00		1.00		0.87		37.22
6		1.00		0.91		100.00		1.00		0.94		42.42
7		1.00		0.91		57.00		0.99		0.90		36.65
8		1.00		0.95		22.00		0.99		0.92		47.07
9		1.00		0.95		38.00		0.99		0.96		29.45
10		1.00		0.91		78.00		1.00		0.94		46.12
11		1.00		0.95		164.00		1.00		0.94		63.95
12		1.00		0.77		43.00		0.99		0.85		32.94
13		1.00		1.00		33.00		1.00		0.89		47.04
14		1.00		0.86		61.00		1.00		0.91		50.38
15		1.00		0.86		101.00		1.00		0.92		60.42
16		1.00		0.77		21.00		1.00		0.86		27.68
17		1.00		0.77		10.00		1.00		0.95		46.45
18		1.00		0.82		90.00		1.00		0.88		47.58
19		1.00		0.86		4.00		0.99		0.93		21.18
20		1.00		0.91		39.00		1.00		0.93		34.26
21		1.00		0.86		73.00		0.99		0.90		48.20
22		1.00		0.95		33.00		1.00		0.95		20.34
23		1.00		0.95		76.00		1.00		0.96		56.48
24		1.00		0.82		58.00		1.00		0.87		54.99
25		1.00		0.95		31.00		0.99		0.90		33.06
26		1.00		0.82		13.00		1.00		0.83		38.37
27		1.00		0.77		47.00		1.00		0.79		29.50
28		1.00		0.91		24.00		1.00		0.84		38.25
29		1.00		0.77		7.00		0.99		0.89		33.93
30		1.00		0.91		79.00		1.00		0.81		49.23
		1.00		0.87		45.77		1.00		0.89		42.69		22.45


DLBCL
Fold	AccTrBest	AccTeBest	FeatBest	AccTrAvg	AccTeAvg	FeatAvg	Time
1		1.00		0.92		4.00		1.00		0.93		23.85
2		1.00		0.96		33.00		1.00		0.92		20.86
3		1.00		0.83		72.00		0.96		0.91		50.73
4		1.00		0.79		5.00		1.00		0.85		14.29
5		1.00		0.92		28.00		0.99		0.91		40.47
6		1.00		0.92		5.00		1.00		0.91		26.90
7		1.00		0.83		7.00		1.00		0.85		26.94
8		1.00		0.96		24.00		1.00		0.93		18.21
9		1.00		0.96		12.00		1.00		0.86		12.10
10		1.00		0.83		80.00		1.00		0.92		65.99
11		1.00		0.96		38.00		1.00		0.95		41.05
12		1.00		0.96		18.00		0.99		0.91		17.56
13		1.00		0.96		4.00		1.00		0.92		31.74
14		1.00		0.92		5.00		1.00		0.91		18.47
15		1.00		0.83		42.00		1.00		0.85		30.65
16		1.00		0.83		10.00		1.00		0.86		17.03
17		1.00		0.96		33.00		1.00		0.95		37.76
18		1.00		0.88		7.00		1.00		0.94		50.34
19		1.00		0.88		12.00		1.00		0.93		23.82
20		1.00		0.83		5.00		1.00		0.86		30.20
21		1.00		0.96		44.00		0.99		0.92		17.65
22		1.00		0.71		12.00		1.00		0.80		12.99
23		1.00		1.00		19.00		0.99		0.93		42.24
24		1.00		0.92		7.00		1.00		0.92		32.15
25		1.00		0.92		5.00		1.00		0.84		19.42
26		1.00		0.92		22.00		1.00		0.92		15.88
27		1.00		0.75		31.00		1.00		0.87		44.73
28		1.00		0.88		4.00		1.00		0.84		15.94
29		1.00		0.88		5.00		1.00		0.91		15.11
30		1.00		0.83		3.00		1.00		0.88		19.36
		1.00		0.89		19.87		1.00		0.90		27.81		25.72


Brain1
Fold	AccTrBest	AccTeBest	FeatBest	AccTrAvg	AccTeAvg	FeatAvg	Time
1		0.98		0.71		28.00		0.97		0.71		17.36
2		0.97		0.75		115.00		0.95		0.71		42.38
3		0.98		0.82		27.00		0.91		0.80		13.29
4		0.98		0.79		15.00		0.91		0.69		9.73
5		0.98		0.86		25.00		0.91		0.76		12.25
6		0.94		0.79		55.00		0.90		0.75		39.67
7		0.95		0.89		10.00		0.82		0.72		6.11
8		0.94		0.79		29.00		0.90		0.73		15.33
9		0.95		0.82		17.00		0.84		0.76		7.63
10		0.97		0.75		12.00		0.85		0.68		6.30
11		0.98		0.79		13.00		0.84		0.65		5.00
12		0.97		0.68		6.00		0.96		0.74		79.39
13		0.97		0.82		42.00		0.91		0.75		15.17
14		0.95		0.79		22.00		0.79		0.68		7.11
15		0.98		0.68		20.00		0.90		0.69		11.31
16		0.95		0.79		29.00		0.83		0.66		8.18
17		0.94		0.79		7.00		0.82		0.68		6.00
18		0.98		0.71		8.00		0.87		0.62		4.13
19		0.97		0.75		13.00		0.92		0.72		10.41
20		0.95		0.86		12.00		0.91		0.76		8.60
21		0.97		0.75		62.00		0.88		0.69		14.80
22		0.95		0.82		85.00		0.94		0.82		53.62
23		0.92		0.93		90.00		0.91		0.89		80.05
24		0.97		0.86		25.00		0.89		0.79		10.13
25		0.92		0.86		101.00		0.91		0.82		63.58
26		0.97		0.86		32.00		0.97		0.79		164.38
27		1.00		0.68		10.00		0.98		0.72		9.63
28		0.98		0.79		18.00		0.89		0.77		8.25
29		0.98		0.79		11.00		0.88		0.75		5.63
30		0.92		0.86		54.00		0.91		0.82		116.51
		0.96		0.79		33.10		0.90		0.74		28.40		21.98


leukemia
Fold	AccTrBest	AccTeBest	FeatBest	AccTrAvg	AccTeAvg	FeatAvg	Time
1		1.00		1.00		26.00		1.00		0.97		43.92
2		1.00		0.91		60.00		1.00		0.94		43.21
3		1.00		1.00		27.00		1.00		0.98		29.79
4		1.00		0.82		2.00		1.00		0.94		40.79
5		1.00		0.86		4.00		1.00		0.87		13.42
6		1.00		0.95		29.00		1.00		0.91		58.42
7		1.00		0.91		23.00		1.00		0.96		35.29
8		1.00		0.77		4.00		1.00		0.89		19.34
9		1.00		0.91		52.00		1.00		0.90		36.36
10		1.00		1.00		55.00		1.00		0.96		54.44
11		1.00		0.91		17.00		1.00		0.91		24.99
12		1.00		0.91		103.00		1.00		0.88		80.83
13		1.00		0.95		2.00		1.00		0.94		40.44
14		1.00		0.95		76.00		1.00		0.94		64.95
15		1.00		0.82		5.00		1.00		0.90		27.05
16		1.00		0.82		23.00		1.00		0.92		37.02
17		1.00		1.00		21.00		1.00		0.96		32.93
18		1.00		0.86		2.00		1.00		0.90		23.29
19		1.00		1.00		8.00		1.00		0.94		23.73
20		1.00		0.91		25.00		1.00		0.92		32.38
21		1.00		0.91		14.00		1.00		0.93		76.42
22		1.00		1.00		44.00		0.99		0.91		29.62
23		1.00		0.86		2.00		1.00		0.87		20.61
24		1.00		1.00		5.00		1.00		0.98		33.15
25		1.00		1.00		4.00		1.00		0.93		34.13
26		1.00		0.73		3.00		1.00		0.87		29.18
27		1.00		0.95		34.00		1.00		0.93		39.74
28		1.00		0.95		8.00		1.00		0.91		31.78
29		1.00		0.73		4.00		1.00		0.88		29.43
30		1.00		0.95		20.00		1.00		0.92		23.16
		1.00		0.91		23.40		1.00		0.92		36.99		34.30


Brain2
Fold	AccTrBest	AccTeBest	FeatBest	AccTrAvg	AccTeAvg	FeatAvg	Time
1		0.94		0.67		6.00		0.85		0.68		4.67
2		0.97		0.60		394.00		0.96		0.60		176.11
3		0.94		0.73		55.00		0.93		0.71		39.46
4		1.00		0.67		19.00		0.84		0.59		7.90
5		0.97		0.60		65.00		0.90		0.60		40.78
6		0.91		0.60		55.00		0.79		0.56		20.17
7		0.97		0.67		28.00		0.95		0.55		10.25
8		0.97		0.80		33.00		0.96		0.81		38.91
9		0.97		0.67		36.00		0.92		0.52		19.50
10		0.97		0.67		103.00		0.97		0.70		94.11
11		0.97		0.53		53.00		0.96		0.64		29.01
12		1.00		0.67		26.00		0.98		0.62		21.35
13		0.97		0.80		24.00		0.93		0.81		16.90
14		0.97		0.80		168.00		0.97		0.81		177.94
15		0.91		0.80		105.00		0.91		0.73		68.64
16		1.00		0.40		26.00		0.89		0.42		8.71
17		0.97		0.73		19.00		0.96		0.70		16.22
18		0.97		0.67		13.00		0.95		0.65		12.90
19		0.97		0.93		17.00		0.90		0.63		8.50
20		0.94		0.67		55.00		0.91		0.68		21.76
21		0.91		0.87		225.00		0.90		0.74		131.13
22		1.00		0.87		24.00		0.92		0.76		9.67
23		1.00		0.73		35.00		0.93		0.62		18.90
24		1.00		0.67		31.00		0.91		0.63		14.00
25		1.00		0.73		20.00		0.98		0.67		13.54
26		0.97		0.87		56.00		0.95		0.74		42.59
27		0.97		0.73		75.00		0.95		0.66		63.92
28		1.00		0.60		34.00		0.98		0.64		22.97
29		0.91		0.80		283.00		0.91		0.80		241.24
30		0.94		0.80		185.00		0.92		0.78		135.99
		0.97		0.71		75.60		0.93		0.67		50.92		29.71


prostate
Fold	AccTrBest	AccTeBest	FeatBest	AccTrAvg	AccTeAvg	FeatAvg	Time
1		0.99		0.87		34.00		0.85		0.79		8.50
2		1.00		0.90		27.00		1.00		0.92		25.65
3		1.00		0.68		10.00		0.96		0.77		4.17
4		0.97		0.81		10.00		0.97		0.82		11.52
5		1.00		0.84		46.00		0.96		0.81		37.58
6		0.97		0.87		98.00		0.97		0.86		107.22
7		1.00		0.74		35.00		0.94		0.78		25.57
8		1.00		0.90		7.00		0.95		0.80		5.33
9		0.99		0.81		62.00		0.98		0.78		81.48
10		0.99		0.81		13.00		0.92		0.76		11.38
11		1.00		0.90		64.00		1.00		0.86		65.39
12		1.00		0.90		7.00		1.00		0.88		9.87
13		0.97		0.74		121.00		0.96		0.79		80.38
14		1.00		0.97		28.00		0.92		0.86		10.80
15		0.97		0.84		35.00		0.97		0.82		36.69
16		1.00		0.84		65.00		1.00		0.84		63.98
17		0.97		0.84		27.00		0.96		0.84		19.27
18		0.97		0.94		83.00		0.97		0.93		75.73
19		1.00		0.90		8.00		0.93		0.85		3.75
20		0.97		0.90		34.00		0.87		0.86		28.69
21		0.99		0.87		302.00		0.98		0.86		256.30
22		0.97		0.97		20.00		0.96		0.93		14.11
23		0.99		0.71		139.00		0.98		0.77		132.88
24		1.00		0.94		71.00		0.96		0.90		53.40
25		0.99		0.87		17.00		0.98		0.91		39.20
26		0.97		0.94		117.00		0.96		0.91		102.42
27		0.97		0.87		115.00		0.97		0.84		28.57
28		1.00		0.87		13.00		0.96		0.87		7.80
29		1.00		0.94		11.00		0.93		0.81		7.14
30		0.97		0.94		73.00		0.92		0.86		50.71
		0.99		0.86		56.40		0.96		0.84		46.85		41.21


CLL_SUB_111
Fold	AccTrBest	AccTeBest	FeatBest	AccTrAvg	AccTeAvg	FeatAvg	Time
1		0.90		0.53		8.00		0.87		0.53		7.33
2		0.91		0.76		24.00		0.86		0.63		15.83
3		0.91		0.76		21.00		0.81		0.64		8.67
4		0.92		0.65		24.00		0.80		0.59		10.75
5		0.84		0.71		64.00		0.72		0.63		47.88
6		0.94		0.59		124.00		0.83		0.59		29.55
7		0.92		0.50		28.00		0.81		0.55		22.71
8		0.91		0.65		243.00		0.81		0.59		49.17
9		0.95		0.74		67.00		0.84		0.63		19.77
10		0.91		0.62		25.00		0.75		0.54		8.40
11		0.88		0.62		49.00		0.81		0.62		23.13
12		0.88		0.71		17.00		0.73		0.62		7.00
13		0.91		0.56		61.00		0.83		0.61		40.56
14		0.95		0.47		37.00		0.81		0.59		21.11
15		0.90		0.79		202.00		0.84		0.72		129.25
16		0.87		0.71		159.00		0.80		0.65		69.43
17		0.96		0.59		36.00		0.85		0.58		17.00
18		0.90		0.74		43.00		0.77		0.56		31.70
19		0.95		0.59		66.00		0.90		0.57		29.55
20		0.95		0.76		19.00		0.85		0.65		10.30
21		0.94		0.50		62.00		0.78		0.42		17.33
22		0.91		0.59		24.00		0.83		0.60		9.50
23		0.95		0.68		62.00		0.86		0.52		39.30
24		0.90		0.41		19.00		0.78		0.55		8.22
25		0.90		0.68		34.00		0.87		0.61		14.00
26		0.91		0.62		36.00		0.79		0.61		12.00
27		0.90		0.56		637.00		0.80		0.62		229.67
28		0.87		0.47		40.00		0.77		0.48		24.71
29		0.94		0.74		23.00		0.85		0.64		10.00
30		0.96		0.62		48.00		0.83		0.61		24.33
		0.91		0.63		76.73		0.81		0.59		32.94		44.02


11Tumor
Fold	AccTrBest	AccTeBest	FeatBest	AccTrAvg	AccTeAvg	FeatAvg	Time
1		0.93		0.74		209.00		0.78		0.57		45.75
2		0.93		0.70		298.00		0.85		0.66		113.88
3		0.93		0.72		41.00		0.79		0.61		21.07
4		0.92		0.77		194.00		0.85		0.68		119.22
5		0.88		0.79		43.00		0.76		0.69		17.78
6		0.93		0.77		208.00		0.89		0.74		166.14
7		0.93		0.70		162.00		0.84		0.65		50.14
8		0.91		0.81		91.00		0.77		0.71		25.89
9		0.91		0.74		79.00		0.79		0.68		38.48
10		0.92		0.72		94.00		0.86		0.73		64.60
11		0.92		0.81		324.00		0.84		0.71		92.29
12		0.95		0.68		70.00		0.84		0.66		28.67
13		0.95		0.77		85.00		0.80		0.61		29.25
14		0.91		0.81		153.00		0.75		0.66		34.75
15		0.92		0.74		164.00		0.87		0.66		89.26
16		0.92		0.72		171.00		0.77		0.62		36.74
17		0.95		0.89		117.00		0.76		0.72		21.62
18		0.89		0.85		90.00		0.70		0.64		30.48
19		0.93		0.68		195.00		0.85		0.70		88.00
20		0.92		0.74		132.00		0.79		0.59		53.85
21		0.93		0.77		45.00		0.75		0.62		16.50
22		0.91		0.85		313.00		0.77		0.70		82.54
23		0.87		0.85		170.00		0.78		0.74		88.40
24		0.93		0.79		70.00		0.83		0.61		34.14
25		0.93		0.66		51.00		0.81		0.58		28.09
26		0.90		0.74		244.00		0.86		0.68		152.66
27		0.94		0.79		243.00		0.84		0.59		66.69
28		0.95		0.72		70.00		0.82		0.63		35.80
29		0.94		0.81		197.00		0.84		0.77		78.57
30		0.93		0.83		189.00		0.80		0.67		69.58
		0.92		0.76		150.40		0.81		0.66		60.69		70.14


SMK_CAN_187
Fold	AccTrBest	AccTeBest	FeatBest	AccTrAvg	AccTeAvg	FeatAvg	Time
1		0.87		0.74		36.00		0.81		0.68		16.00
2		0.80		0.58		79.00		0.73		0.60		65.70
3		0.84		0.67		18.00		0.78		0.61		7.17
4		0.85		0.58		36.00		0.79		0.61		13.14
5		0.85		0.68		28.00		0.75		0.61		12.71
6		0.84		0.47		100.00		0.77		0.55		68.92
7		0.84		0.61		200.00		0.79		0.69		106.08
8		0.82		0.65		60.00		0.76		0.61		44.08
9		0.82		0.54		223.00		0.74		0.57		114.83
10		0.81		0.61		76.00		0.75		0.65		64.80
11		0.89		0.65		18.00		0.80		0.60		8.42
12		0.89		0.60		36.00		0.85		0.60		24.53
13		0.82		0.68		20.00		0.79		0.64		8.50
14		0.87		0.63		31.00		0.79		0.59		11.40
15		0.83		0.56		40.00		0.73		0.58		25.90
16		0.85		0.67		27.00		0.78		0.58		10.11
17		0.78		0.68		575.00		0.73		0.65		433.50
18		0.80		0.75		57.00		0.73		0.75		50.00
19		0.85		0.70		50.00		0.80		0.63		35.50
20		0.88		0.58		52.00		0.83		0.62		38.50
21		0.89		0.58		45.00		0.79		0.62		14.31
22		0.75		0.63		660.00		0.70		0.56		273.23
23		0.85		0.58		12.00		0.77		0.55		5.17
24		0.82		0.72		10.00		0.75		0.64		4.83
25		0.89		0.63		12.00		0.81		0.62		7.86
26		0.86		0.61		83.00		0.79		0.63		62.00
27		0.88		0.63		17.00		0.84		0.61		10.71
28		0.78		0.56		840.00		0.76		0.57		645.57
29		0.78		0.60		299.00		0.76		0.63		230.31
30		0.79		0.74		244.00		0.73		0.72		144.14
		0.84		0.63		132.80		0.77		0.62		85.26		126.81


gse19804
Fold	AccTrBest	AccTeBest	FeatBest	AccTrAvg	AccTeAvg	FeatAvg	Time
1		0.94		0.92		234.00		0.94		0.93		250.95
2		0.95		0.94		133.00		0.95		0.94		137.54
3		0.95		0.92		199.00		0.95		0.92		194.93
4		0.99		0.83		9.00		0.98		0.89		12.39
5		1.00		0.92		14.00		0.97		0.92		6.67
6		0.98		0.89		10.00		0.97		0.92		7.39
7		0.95		0.86		101.00		0.95		0.86		93.79
8		0.98		0.92		236.00		0.97		0.90		222.34
9		0.98		0.97		36.00		0.97		0.97		24.78
10		1.00		0.92		9.00		0.99		0.90		6.33
11		1.00		0.97		11.00		0.98		0.98		5.71
12		1.00		0.89		2.00		0.99		0.86		6.64
13		0.96		0.86		340.00		0.96		0.86		272.27
14		0.98		0.86		163.00		0.97		0.89		153.15
15		0.96		0.89		119.00		0.96		0.89		127.97
16		0.98		0.94		108.00		0.97		0.94		121.58
17		0.99		0.94		18.00		0.98		0.93		13.47
18		1.00		0.86		23.00		0.98		0.90		9.57
19		0.95		0.92		118.00		0.95		0.93		128.46
20		0.99		0.89		25.00		0.99		0.88		37.78
21		0.99		0.94		28.00		0.99		0.94		30.25
22		1.00		0.92		20.00		0.97		0.91		13.00
23		0.99		0.92		5.00		0.92		0.91		2.60
24		0.95		0.89		151.00		0.95		0.85		160.97
25		0.99		0.94		47.00		0.99		0.93		42.40
26		0.96		0.89		328.00		0.96		0.89		230.58
27		0.99		0.92		17.00		0.98		0.91		9.10
28		0.96		0.92		96.00		0.96		0.92		92.41
29		0.98		0.92		73.00		0.97		0.92		73.91
30		1.00		0.97		29.00		0.99		0.93		16.50
		0.98		0.91		90.07		0.97		0.91		83.51		110.29


GLI_85
Fold	AccTrBest	AccTeBest	FeatBest	AccTrAvg	AccTeAvg	FeatAvg	Time
1		1.00		0.81		58.00		0.99		0.79		37.10
2		0.98		0.96		220.00		0.98		0.94		194.81
3		0.98		0.81		18.00		0.98		0.86		71.96
4		1.00		0.85		6.00		1.00		0.80		91.75
5		1.00		0.81		31.00		0.99		0.82		42.57
6		1.00		0.88		26.00		0.99		0.86		13.87
7		0.98		0.88		18.00		0.94		0.82		9.60
8		1.00		0.77		291.00		1.00		0.82		61.29
9		0.98		0.81		31.00		0.97		0.82		26.70
10		1.00		0.77		18.00		0.98		0.73		14.86
11		1.00		0.85		20.00		0.96		0.83		9.35
12		1.00		0.92		35.00		1.00		0.85		17.35
13		1.00		0.96		49.00		0.94		0.82		12.14
14		1.00		0.81		23.00		0.94		0.76		10.20
15		0.98		0.92		144.00		0.98		0.95		97.43
16		1.00		0.81		16.00		1.00		0.81		17.31
17		1.00		0.92		15.00		0.98		0.86		11.70
18		0.98		0.92		88.00		0.98		0.85		120.48
19		1.00		0.88		19.00		1.00		0.86		14.95
20		1.00		0.88		11.00		0.98		0.85		14.13
21		1.00		0.92		47.00		1.00		0.84		26.92
22		0.98		0.81		303.00		0.98		0.83		182.65
23		1.00		0.85		12.00		0.95		0.83		8.42
24		1.00		0.85		20.00		0.97		0.73		11.15
25		1.00		0.85		36.00		0.99		0.79		23.50
26		0.98		0.81		134.00		0.98		0.81		57.00
27		1.00		0.77		5.00		0.96		0.82		4.38
28		1.00		0.73		25.00		0.99		0.72		11.60
29		1.00		0.92		30.00		1.00		0.88		23.67
30		1.00		0.92		151.00		0.98		0.92		146.87
		1.00		0.86		63.33		0.98		0.83		46.19		95.93


drivface
Fold	AccTrBest	AccTeBest	FeatBest	AccTrAvg	AccTeAvg	FeatAvg	Time
1		1.00		0.98		14.00		1.00		0.98		20.86
2		1.00		0.98		53.00		1.00		0.98		57.44
3		1.00		0.98		28.00		1.00		0.97		78.37
4		1.00		0.98		274.00		1.00		0.97		152.11
5		1.00		0.97		6.00		1.00		0.97		7.94
6		1.00		0.98		19.00		1.00		0.98		18.36
7		1.00		0.97		7.00		0.99		0.96		4.92
8		1.00		0.99		22.00		0.99		0.98		9.00
9		1.00		0.98		24.00		1.00		0.97		17.03
10		1.00		0.98		65.00		1.00		0.98		60.72
11		1.00		0.98		23.00		1.00		0.97		61.24
12		1.00		0.99		19.00		1.00		0.97		42.17
13		1.00		0.99		11.00		1.00		0.97		10.20
14		1.00		0.99		17.00		0.99		0.96		7.21
15		1.00		0.97		9.00		0.99		0.98		8.00
16		1.00		0.98		90.00		0.99		0.97		35.29
17		1.00		0.99		58.00		0.99		0.97		18.80
18		1.00		0.95		8.00		1.00		0.96		14.13
19		1.00		0.98		12.00		1.00		0.97		11.83
20		0.99		1.00		67.00		0.99		0.99		36.42
21		1.00		0.98		13.00		1.00		0.98		61.62
22		1.00		0.98		60.00		1.00		0.98		45.60
23		1.00		0.97		8.00		0.99		0.96		6.10
24		1.00		0.99		9.00		1.00		0.98		26.60
25		1.00		0.99		38.00		1.00		0.98		34.51
26		1.00		0.98		51.00		1.00		0.98		45.13
27		1.00		0.99		23.00		1.00		0.98		24.22
28		1.00		0.97		7.00		0.99		0.96		3.63
29		1.00		0.98		20.00		0.99		0.97		11.00
30		1.00		0.98		61.00		1.00		0.98		33.25
		1.00		0.98		37.20		1.00		0.97		32.12		187.17


RELATHE
Fold	AccTrBest	AccTeBest	FeatBest	AccTrAvg	AccTeAvg	FeatAvg	Time
1		0.90		0.82		245.00		0.86		0.78		105.48
2		0.90		0.80		151.00		0.84		0.75		61.04
3		0.89		0.81		174.00		0.80		0.74		64.19
4		0.91		0.81		187.00		0.85		0.78		118.23
5		0.90		0.81		169.00		0.82		0.74		53.53
6		0.89		0.78		97.00		0.82		0.75		44.92
7		0.89		0.84		450.00		0.80		0.76		95.80
8		0.90		0.83		239.00		0.79		0.73		56.52
9		0.88		0.80		164.00		0.81		0.75		56.94
10		0.89		0.84		210.00		0.81		0.76		55.74
11		0.89		0.82		274.00		0.82		0.75		100.27
12		0.89		0.83		129.00		0.80		0.76		54.32
13		0.90		0.82		171.00		0.82		0.74		58.66
14		0.88		0.79		99.00		0.81		0.76		53.15
15		0.89		0.85		172.00		0.81		0.77		69.41
16		0.89		0.80		617.00		0.81		0.74		148.55
17		0.90		0.79		200.00		0.81		0.74		66.00
18		0.90		0.80		262.00		0.83		0.77		88.51
19		0.89		0.82		118.00		0.79		0.76		47.30
20		0.89		0.85		703.00		0.79		0.72		72.36
21		0.90		0.84		173.00		0.80		0.75		55.93
22		0.89		0.82		243.00		0.81		0.75		77.37
23		0.91		0.83		235.00		0.84		0.76		81.14
24		0.90		0.84		256.00		0.82		0.77		98.36
25		0.90		0.82		196.00		0.81		0.76		77.30
26		0.88		0.80		93.00		0.83		0.79		49.83
27		0.90		0.80		195.00		0.82		0.76		67.44
28		0.88		0.81		319.00		0.80		0.75		74.33
29		0.89		0.82		238.00		0.83		0.78		94.19
30		0.90		0.81		169.00		0.84		0.75		88.04
		0.89		0.82		231.60		0.82		0.76		74.50		916.79


COIL20
Fold	AccTrBest	AccTeBest	FeatBest	AccTrAvg	AccTeAvg	FeatAvg	Time
1		1.00		1.00		51.00		0.99		0.99		71.68
2		1.00		1.00		91.00		0.99		0.99		71.30
3		1.00		1.00		85.00		0.98		0.98		104.41
4		1.00		1.00		51.00		0.99		0.98		64.04
5		1.00		1.00		101.00		0.99		0.99		69.84
6		1.00		0.98		111.00		1.00		0.98		142.06
7		1.00		1.00		70.00		0.99		0.98		74.70
8		1.00		1.00		67.00		0.98		0.98		35.30
9		1.00		0.98		43.00		1.00		0.99		58.38
10		1.00		0.99		67.00		0.99		0.98		90.97
11		1.00		1.00		219.00		0.99		0.98		77.03
12		1.00		1.00		90.00		0.98		0.98		86.45
13		1.00		1.00		80.00		0.99		0.99		77.58
14		1.00		0.99		19.00		0.93		0.92		10.24
15		1.00		0.99		30.00		0.99		0.98		82.50
16		1.00		1.00		26.00		0.99		0.98		80.20
17		1.00		1.00		68.00		0.99		0.99		60.54
18		1.00		1.00		143.00		0.99		0.99		87.43
19		1.00		0.99		29.00		0.89		0.87		11.38
20		1.00		0.99		20.00		0.98		0.98		81.73
21		1.00		1.00		214.00		0.99		0.99		129.17
22		1.00		1.00		97.00		0.99		0.98		59.38
23		1.00		1.00		65.00		0.98		0.97		66.39
24		1.00		0.98		30.00		0.99		0.99		128.81
25		1.00		0.99		42.00		0.99		0.98		59.34
26		1.00		0.99		37.00		0.99		0.98		112.91
27		1.00		0.99		28.00		0.99		0.98		69.48
28		1.00		1.00		79.00		0.99		0.99		67.01
29		1.00		0.99		34.00		0.97		0.96		18.50
30		1.00		0.99		38.00		0.99		0.98		38.68
		1.00		0.99		70.83		0.98		0.98		72.91		307.43


Isolet
Fold	AccTrBest	AccTeBest	FeatBest	AccTrAvg	AccTeAvg	FeatAvg	Time
1		0.93		0.90		92.00		0.79		0.77		27.13
2		0.93		0.87		103.00		0.78		0.74		39.44
3		0.92		0.89		76.00		0.76		0.73		24.52
4		0.92		0.89		60.00		0.82		0.79		28.57
5		0.93		0.90		86.00		0.78		0.77		30.57
6		0.92		0.87		57.00		0.76		0.73		23.27
7		0.93		0.89		46.00		0.81		0.79		25.04
8		0.92		0.90		53.00		0.77		0.76		24.76
9		0.91		0.90		123.00		0.82		0.80		39.62
10		0.94		0.89		127.00		0.79		0.75		33.73
11		0.93		0.90		117.00		0.80		0.78		31.95
12		0.91		0.87		54.00		0.79		0.76		23.64
13		0.92		0.86		126.00		0.84		0.79		40.81
14		0.93		0.90		61.00		0.81		0.78		28.19
15		0.92		0.87		65.00		0.75		0.71		24.68
16		0.94		0.90		78.00		0.79		0.76		33.47
17		0.92		0.88		157.00		0.80		0.77		39.23
18		0.93		0.86		111.00		0.83		0.78		41.24
19		0.91		0.88		53.00		0.77		0.74		22.12
20		0.93		0.88		80.00		0.84		0.78		27.07
21		0.92		0.88		56.00		0.80		0.77		26.46
22		0.92		0.90		45.00		0.80		0.79		22.61
23		0.93		0.92		113.00		0.82		0.79		38.47
24		0.92		0.89		94.00		0.80		0.77		34.34
25		0.92		0.90		117.00		0.79		0.78		39.61
26		0.93		0.87		75.00		0.80		0.74		26.32
27		0.92		0.90		77.00		0.78		0.76		28.81
28		0.92		0.86		78.00		0.78		0.74		32.15
29		0.93		0.90		96.00		0.78		0.76		29.43
30		0.91		0.87		54.00		0.80		0.77		23.11
		0.92		0.89		84.33		0.79		0.77		30.35		303.03


PCMAC
Fold	AccTrBest	AccTeBest	FeatBest	AccTrAvg	AccTeAvg	FeatAvg	Time
1		0.91		0.87		64.00		0.87		0.84		34.75
2		0.91		0.85		94.00		0.89		0.86		69.90
3		0.91		0.84		53.00		0.87		0.82		29.14
4		0.89		0.88		43.00		0.86		0.85		23.81


colon
Fold	AccTrBest	AccTeBest	FeatBest	AccTrAvg	AccTeAvg	FeatAvg	Time


ORL
Fold	AccTrBest	AccTeBest	FeatBest	AccTrAvg	AccTeAvg	FeatAvg	Time


ORL
Fold	AccTrBest	AccTeBest	FeatBest	AccTrAvg	AccTeAvg	FeatAvg	Time
1		0.96		0.92		47.00		0.82		0.77		15.95
2		0.96		0.91		50.00		0.78		0.74		17.43
3		0.94		0.88		54.00		0.81		0.75		22.08
4		0.96		0.92		56.00		0.84		0.81		24.83
5		0.96		0.92		40.00		0.81		0.79		16.63
6		0.95		0.93		33.00		0.80		0.73		12.41
7		0.96		0.89		37.00		0.81		0.73		16.15
8		0.95		0.94		77.00		0.79		0.74		18.25
9		0.96		0.82		31.00		0.84		0.75		16.57
10		0.95		0.89		43.00		0.86		0.79		19.38
11		0.97		0.90		66.00		0.89		0.78		36.76
12		0.95		0.90		51.00		0.84		0.78		19.32
13		0.94		0.85		25.00		0.79		0.75		13.04
14		0.95		0.91		69.00		0.82		0.71		18.39
15		0.95		0.89		46.00		0.81		0.77		17.67
16		0.95		0.92		64.00		0.82		0.75		18.96
17		0.95		0.91		51.00		0.80		0.75		22.10
18		0.96		0.93		86.00		0.84		0.77		27.31
19		0.97		0.84		45.00		0.82		0.73		16.75
20		0.96		0.89		42.00		0.82		0.72		17.25
21		0.96		0.85		144.00		0.80		0.68		24.29
22		0.97		0.87		115.00		0.88		0.78		27.72
23		0.95		0.85		40.00		0.75		0.69		14.10
24		0.95		0.93		65.00		0.79		0.78		17.65
25		0.95		0.90		77.00		0.83		0.78		23.93
26		0.95		0.84		30.00		0.84		0.77		18.15
27		0.94		0.90		57.00		0.77		0.71		16.05
28		0.95		0.84		64.00		0.82		0.69		19.29
29		0.96		0.90		52.00		0.85		0.79		21.05
30		0.95		0.87		108.00		0.87		0.79		35.00
		0.95		0.89		58.83		0.82		0.75		20.15		22.63


colon
Fold	AccTrBest	AccTeBest	FeatBest	AccTrAvg	AccTeAvg	FeatAvg	Time
1		1.00		0.79		11.00		1.00		0.72		11.44
2		1.00		0.79		11.00		0.94		0.71		5.86
3		1.00		0.74		22.00		1.00		0.67		13.72
4		1.00		0.68		26.00		1.00		0.77		24.37
5		1.00		0.74		32.00		0.95		0.70		12.67
6		1.00		0.79		17.00		0.98		0.74		17.14
7		1.00		0.63		35.00		1.00		0.59		24.17
8		1.00		0.89		52.00		1.00		0.76		19.46
9		1.00		0.84		14.00		0.99		0.89		16.87
10		1.00		0.68		9.00		0.96		0.64		7.14
11		1.00		0.68		28.00		0.99		0.64		29.09
12		1.00		0.68		29.00		0.99		0.70		17.02
13		1.00		0.79		21.00		0.98		0.77		13.95
14		1.00		0.79		41.00		1.00		0.75		34.81
15		1.00		0.84		14.00		0.98		0.70		23.58
16		0.98		0.74		60.00		0.97		0.70		47.21
17		1.00		0.74		13.00		0.99		0.71		16.57
18		1.00		0.74		49.00		1.00		0.73		43.66
19		1.00		0.68		34.00		0.99		0.71		31.03
20		1.00		0.84		9.00		1.00		0.78		10.62
21		1.00		0.89		16.00		1.00		0.82		13.68
22		1.00		0.68		41.00		0.99		0.73		14.41
23		1.00		0.68		19.00		0.99		0.73		13.05
24		1.00		0.74		23.00		0.99		0.70		17.19
25		1.00		0.79		13.00		1.00		0.80		14.13
26		0.98		0.63		3.00		0.95		0.73		10.64
27		0.98		0.89		26.00		0.97		0.81		34.70
28		1.00		0.68		30.00		1.00		0.77		18.39
29		0.98		0.74		40.00		0.97		0.77		11.85
30		1.00		0.84		13.00		0.99		0.76		8.00
		1.00		0.76		25.03		0.98		0.73		19.21		6.89


SRBCT
Fold	AccTrBest	AccTeBest	FeatBest	AccTrAvg	AccTeAvg	FeatAvg	Time
1		1.00		0.96		9.00		1.00		0.96		34.99
2		1.00		0.96		103.00		0.99		0.91		35.45
3		1.00		0.92		64.00		1.00		0.91		38.11
4		1.00		0.96		49.00		0.99		0.92		29.26
5		1.00		0.96		48.00		0.99		0.90		46.82
6		1.00		0.76		77.00		1.00		0.89		45.73
7		1.00		0.96		61.00		1.00		0.93		56.69
8		1.00		0.84		44.00		1.00		0.79		41.76
9		1.00		0.88		88.00		1.00		0.85		48.08
10		1.00		0.96		51.00		0.99		0.88		44.24
11		1.00		0.92		25.00		0.99		0.92		21.48
12		1.00		0.80		7.00		1.00		0.83		51.44
13		1.00		0.88		51.00		1.00		0.90		38.81
14		1.00		0.88		24.00		0.99		0.96		19.07
15		1.00		0.92		41.00		1.00		0.91		28.19
16		1.00		0.76		99.00		0.99		0.84		35.16
17		1.00		0.96		31.00		0.99		0.92		29.81
18		1.00		0.84		64.00		1.00		0.85		63.85
19		1.00		0.92		42.00		0.99		0.86		40.23
20		1.00		0.88		65.00		0.99		0.90		56.40
21		1.00		0.92		114.00		0.99		0.94		25.95
22		1.00		0.88		42.00		1.00		0.91		71.28
23		1.00		1.00		25.00		0.99		0.90		24.69
24		1.00		0.92		20.00		0.99		0.88		16.91
25		1.00		0.84		46.00		0.99		0.89		60.64
26		1.00		0.84		22.00		0.99		0.86		13.10
27		1.00		0.92		83.00		1.00		0.92		102.31
28		1.00		0.92		65.00		1.00		0.87		32.31
29		1.00		0.88		101.00		1.00		0.93		29.86
30		1.00		1.00		59.00		0.99		0.95		23.45
		1.00		0.90		54.00		1.00		0.90		40.20		10.78


lymphoma
Fold	AccTrBest	AccTeBest	FeatBest	AccTrAvg	AccTeAvg	FeatAvg	Time
1		0.97		0.76		14.00		0.97		0.87		45.28
2		1.00		0.93		49.00		0.97		0.94		97.95
3		1.00		0.90		53.00		0.98		0.86		38.17
4		0.99		0.79		12.00		0.97		0.82		88.60
5		1.00		0.83		22.00		0.99		0.85		83.13
6		0.99		0.93		104.00		0.97		0.89		84.99
7		0.99		0.93		54.00		0.98		0.88		45.07
8		0.97		0.83		36.00		0.96		0.88		119.52
9		1.00		0.93		29.00		0.98		0.89		36.68
10		0.97		0.62		37.00		0.96		0.77		40.31
11		0.99		0.79		89.00		0.97		0.79		92.34
12		0.99		0.86		127.00		0.97		0.86		97.57
13		0.99		0.93		61.00		0.98		0.93		61.99
14		0.96		0.72		13.00		0.94		0.78		73.65
15		0.99		0.62		13.00		0.96		0.77		58.97
16		0.99		0.83		288.00		0.97		0.82		143.77
17		0.97		0.90		48.00		0.96		0.87		46.66
18		1.00		0.83		91.00		0.98		0.80		112.92
19		0.99		0.90		13.00		0.96		0.87		67.14
20		0.99		0.83		21.00		0.97		0.87		38.91
21		0.99		0.79		39.00		0.97		0.85		48.28
22		0.99		0.93		45.00		0.98		0.89		43.13
23		0.99		0.97		214.00		0.97		0.91		111.30
24		0.99		0.79		13.00		0.98		0.83		49.76
25		0.99		0.93		43.00		0.97		0.87		122.13
26		1.00		0.79		74.00		0.99		0.80		74.89
27		0.99		0.79		27.00		0.97		0.78		24.34
28		0.99		0.86		144.00		0.97		0.82		104.34
29		1.00		0.93		55.00		0.99		0.92		68.70
30		1.00		0.93		51.00		0.99		0.92		61.68
		0.99		0.85		62.63		0.97		0.85		72.74		23.31


GLIOMA
Fold	AccTrBest	AccTeBest	FeatBest	AccTrAvg	AccTeAvg	FeatAvg	Time
1		1.00		0.80		19.00		0.86		0.56		6.42
2		0.89		0.67		128.00		0.88		0.69		114.64
3		1.00		0.47		34.00		0.99		0.59		26.69
4		0.97		0.80		23.00		0.82		0.71		13.86
5		1.00		0.73		6.00		0.95		0.68		5.00
6		1.00		0.40		15.00		0.89		0.59		5.38
7		1.00		0.53		21.00		0.91		0.46		9.00
8		1.00		0.73		5.00		0.97		0.63		5.20
9		0.94		0.80		71.00		0.93		0.68		52.37
10		1.00		0.73		17.00		0.93		0.63		10.56
11		0.97		0.60		12.00		0.91		0.70		10.89
12		0.94		0.73		5.00		0.82		0.55		5.55
13		0.94		0.73		13.00		0.93		0.78		13.05
14		1.00		0.67		9.00		0.88		0.53		4.83
15		1.00		0.73		25.00		0.89		0.71		9.90
16		1.00		0.67		29.00		0.97		0.63		22.05
17		1.00		0.87		76.00		0.98		0.82		30.12
18		1.00		0.67		89.00		0.93		0.68		48.47
19		0.97		0.60		59.00		0.94		0.60		17.64
20		0.97		0.80		56.00		0.96		0.79		43.42
21		0.97		0.73		18.00		0.82		0.63		6.57
22		0.97		0.67		26.00		0.90		0.69		14.17
23		0.94		0.53		9.00		0.86		0.54		12.83
24		0.97		0.53		10.00		0.91		0.48		6.27
25		1.00		0.20		50.00		0.99		0.60		31.39
26		0.94		0.73		77.00		0.91		0.61		24.55
27		0.97		0.40		8.00		0.88		0.46		4.78
28		1.00		0.73		16.00		0.93		0.67		10.25
29		0.97		0.73		20.00		0.86		0.65		7.50
30		1.00		0.87		14.00		0.84		0.67		5.00
		0.98		0.66		32.00		0.91		0.63		19.28		12.59


Leukemia1
Fold	AccTrBest	AccTeBest	FeatBest	AccTrAvg	AccTeAvg	FeatAvg	Time
1		1.00		1.00		60.00		0.99		0.96		73.49
2		1.00		0.77		9.00		0.99		0.82		54.29
3		1.00		0.86		14.00		1.00		0.86		85.52
4		1.00		0.73		34.00		1.00		0.78		52.14
5		1.00		0.95		125.00		0.99		0.90		73.51
6		1.00		1.00		26.00		0.99		0.94		22.16
7		1.00		0.91		92.00		0.99		0.92		103.47
8		1.00		0.91		2.00		0.99		0.82		55.07
9		1.00		0.77		34.00		0.97		0.91		77.44
10		1.00		0.86		31.00		0.99		0.87		28.32
11		1.00		0.82		42.00		1.00		0.83		35.29
12		1.00		0.95		70.00		1.00		0.95		50.76
13		1.00		0.91		20.00		0.99		0.96		34.14
14		1.00		0.68		7.00		1.00		0.94		44.53
15		1.00		0.86		54.00		1.00		0.92		60.62
16		1.00		0.86		16.00		1.00		0.89		19.49
17		1.00		0.82		267.00		0.99		0.90		100.11
18		1.00		0.77		10.00		1.00		0.91		50.69
19		1.00		0.91		75.00		0.99		0.88		58.84
20		1.00		0.86		103.00		1.00		0.84		76.69
21		1.00		0.91		16.00		0.99		0.93		18.90
22		1.00		0.82		58.00		1.00		0.82		62.70
23		1.00		0.77		110.00		0.99		0.78		97.51
24		1.00		0.91		40.00		0.99		0.88		33.84
25		1.00		1.00		143.00		0.99		0.96		48.13
26		1.00		0.91		20.00		1.00		0.87		14.48
27		0.98		0.95		130.00		0.98		0.93		106.23
28		1.00		0.86		147.00		0.99		0.91		36.98
29		1.00		0.82		5.00		0.99		0.85		49.04
30		1.00		0.95		45.00		1.00		0.97		66.28
		1.00		0.87		60.17		0.99		0.89		56.36		23.83


DLBCL
Fold	AccTrBest	AccTeBest	FeatBest	AccTrAvg	AccTeAvg	FeatAvg	Time
1		1.00		0.88		22.00		1.00		0.90		16.18
2		1.00		0.96		43.00		1.00		0.93		34.32
3		1.00		0.71		4.00		0.99		0.87		11.81
4		1.00		0.96		37.00		1.00		0.95		24.92
5		1.00		0.96		33.00		1.00		0.92		27.33
6		1.00		0.83		12.00		1.00		0.89		29.54
7		1.00		0.83		40.00		1.00		0.88		32.46
8		1.00		0.92		22.00		1.00		0.91		18.73
9		1.00		0.79		23.00		1.00		0.91		29.26
10		1.00		0.63		62.00		1.00		0.83		51.31
11		1.00		0.67		15.00		1.00		0.85		29.64
12		1.00		0.96		5.00		1.00		0.94		16.74
13		1.00		0.92		5.00		0.99		0.92		40.53
14		1.00		0.96		38.00		1.00		0.93		52.58
15		1.00		0.92		12.00		1.00		0.93		19.46
16		1.00		0.96		20.00		1.00		0.88		16.47
17		1.00		0.96		71.00		1.00		0.94		64.00
18		1.00		0.92		19.00		0.99		0.89		26.05
19		1.00		0.83		115.00		1.00		0.88		75.24
20		1.00		0.92		50.00		1.00		0.89		35.59
21		1.00		1.00		18.00		1.00		0.92		24.22
22		1.00		0.75		5.00		1.00		0.83		19.06
23		1.00		0.88		7.00		0.99		0.95		24.67
24		1.00		0.92		6.00		1.00		0.91		18.70
25		1.00		0.88		14.00		1.00		0.93		22.04
26		1.00		1.00		68.00		1.00		0.94		48.04
27		1.00		0.88		4.00		1.00		0.91		18.38
28		1.00		0.96		22.00		1.00		0.93		26.80
29		1.00		0.83		11.00		1.00		0.92		15.25
30		1.00		0.88		7.00		1.00		0.90		39.76
		1.00		0.88		27.00		1.00		0.91		30.30		25.16


9Tumor
Fold	AccTrBest	AccTeBest	FeatBest	AccTrAvg	AccTeAvg	FeatAvg	Time
1		0.83		0.17		35.00		0.71		0.19		13.40
2		0.74		0.56		37.00		0.57		0.31		11.00
3		0.71		0.44		49.00		0.52		0.31		17.67
4		0.79		0.50		18.00		0.59		0.39		8.46
5		0.74		0.39		37.00		0.64		0.28		18.72
6		0.71		0.44		121.00		0.66		0.39		68.96
7		0.86		0.39		66.00		0.70		0.32		30.00
8		0.76		0.50		40.00		0.65		0.38		27.07
9		0.81		0.33		113.00		0.64		0.25		50.50
10		0.76		0.11		14.00		0.54		0.16		6.56
11		0.79		0.33		32.00		0.60		0.36		16.17
12		0.79		0.44		55.00		0.62		0.27		20.18
13		0.69		0.44		22.00		0.58		0.28		13.17
14		0.81		0.28		34.00		0.67		0.21		15.70
15		0.79		0.56		9.00		0.58		0.40		5.75
16		0.76		0.17		38.00		0.65		0.26		27.00
17		0.74		0.28		49.00		0.66		0.31		31.63
18		0.69		0.33		14.00		0.53		0.30		8.64
19		0.76		0.33		15.00		0.57		0.27		6.38
20		0.71		0.44		85.00		0.62		0.32		40.73
21		0.81		0.17		19.00		0.59		0.16		9.13
22		0.76		0.33		144.00		0.54		0.26		27.75
23		0.83		0.50		54.00		0.59		0.27		20.10
24		0.76		0.39		68.00		0.63		0.36		34.45
25		0.74		0.22		15.00		0.45		0.17		5.38
26		0.81		0.28		22.00		0.65		0.22		9.25
27		0.83		0.33		24.00		0.64		0.31		11.40
28		0.88		0.33		26.00		0.63		0.26		10.89
29		0.83		0.22		125.00		0.73		0.16		61.46
30		0.81		0.06		9.00		0.63		0.14		5.20
		0.78		0.34		46.30		0.61		0.28		21.09		15.67


TOX_171
Fold	AccTrBest	AccTeBest	FeatBest	AccTrAvg	AccTeAvg	FeatAvg	Time
1		0.98		0.94		45.00		0.85		0.77		20.15
2		0.97		0.83		139.00		0.88		0.79		57.14
3		0.97		0.81		61.00		0.90		0.84		32.67
4		0.96		0.83		26.00		0.85		0.76		16.75
5		0.97		0.87		233.00		0.90		0.82		130.54
6		0.98		0.77		58.00		0.86		0.72		21.59
7		0.97		0.90		78.00		0.86		0.76		30.55
8		0.98		0.87		90.00		0.91		0.82		43.54
9		0.99		0.85		110.00		0.93		0.79		64.73
10		0.96		0.75		125.00		0.87		0.73		37.59
11		0.97		0.87		281.00		0.92		0.81		77.46
12		0.96		0.87		232.00		0.91		0.80		133.90
13		0.95		0.87		250.00		0.94		0.84		217.89
14		0.96		0.87		125.00		0.82		0.71		38.37
15		0.98		0.90		43.00		0.84		0.70		17.93
16		0.98		0.87		109.00		0.88		0.76		33.94
17		0.98		0.87		106.00		0.87		0.73		45.27
18		0.96		0.85		159.00		0.84		0.70		39.36
19		0.97		0.77		56.00		0.89		0.76		41.67
20		0.97		0.73		72.00		0.83		0.62		27.14
21		0.95		0.92		76.00		0.82		0.66		21.41
22		0.97		0.79		123.00		0.85		0.68		34.73
23		0.97		0.81		171.00		0.95		0.80		112.85
24		0.99		0.90		135.00		0.88		0.77		22.73
25		0.97		0.90		23.00		0.84		0.71		11.54
26		0.99		0.79		88.00		0.90		0.76		33.67
27		0.99		0.85		29.00		0.81		0.73		12.47
28		0.97		0.92		224.00		0.93		0.87		151.91
29		0.97		0.81		103.00		0.78		0.65		17.24
30		0.97		0.85		52.00		0.86		0.76		22.83
		0.97		0.85		114.07		0.87		0.75		52.32		33.83


Brain1
Fold	AccTrBest	AccTeBest	FeatBest	AccTrAvg	AccTeAvg	FeatAvg	Time
1		0.97		0.79		27.00		0.94		0.77		16.86
2		0.98		0.57		9.00		0.91		0.61		6.40
3		0.97		0.79		30.00		0.94		0.85		21.38
4		0.94		0.79		84.00		0.93		0.80		64.57
5		0.97		0.86		24.00		0.89		0.82		15.89
6		0.97		0.82		32.00		0.88		0.78		8.54
7		0.97		0.75		74.00		0.96		0.73		68.11
8		0.95		0.82		32.00		0.91		0.81		24.39
9		0.92		0.86		86.00		0.87		0.69		18.57
10		0.94		0.71		17.00		0.93		0.76		75.60
11		0.98		0.82		41.00		0.92		0.78		15.00
12		0.97		0.75		20.00		0.89		0.70		6.56
13		0.94		1.00		66.00		0.86		0.84		35.09
14		0.94		0.82		79.00		0.93		0.83		143.31
15		0.97		0.79		94.00		0.95		0.75		70.65
16		0.97		0.79		17.00		0.89		0.68		7.33
17		0.98		0.82		7.00		0.80		0.60		3.60
18		0.97		0.68		31.00		0.96		0.77		17.98
19		0.95		0.79		32.00		0.93		0.70		15.86
20		0.97		0.79		11.00		0.89		0.69		7.58
21		0.94		0.68		16.00		0.90		0.61		7.86
22		0.92		0.86		109.00		0.91		0.86		109.51
23		0.95		0.79		19.00		0.93		0.71		12.20
24		0.95		0.86		48.00		0.95		0.81		54.83
25		0.95		0.86		10.00		0.89		0.78		6.38
26		0.98		0.64		26.00		0.95		0.60		9.80
27		0.97		0.82		21.00		0.86		0.65		8.91
28		0.94		0.86		65.00		0.88		0.77		35.71
29		0.92		0.93		35.00		0.91		0.88		21.77
30		0.94		0.82		39.00		0.88		0.77		20.43
		0.95		0.80		40.03		0.91		0.75		31.02		22.79


leukemia
Fold	AccTrBest	AccTeBest	FeatBest	AccTrAvg	AccTeAvg	FeatAvg	Time
1		1.00		0.95		72.00		1.00		0.96		53.45
2		1.00		0.82		11.00		1.00		0.90		31.41
3		1.00		0.77		6.00		1.00		0.86		30.55
4		1.00		0.91		2.00		1.00		0.89		29.99
5		1.00		0.91		4.00		0.99		0.89		28.42
6		1.00		0.91		5.00		1.00		0.87		20.97
7		1.00		0.73		26.00		1.00		0.82		35.08
8		1.00		0.95		3.00		1.00		0.85		27.90
9		1.00		1.00		134.00		0.99		0.96		82.31
10		1.00		0.86		2.00		1.00		0.80		23.46
11		1.00		0.82		3.00		1.00		0.90		17.08
12		1.00		0.86		37.00		1.00		0.87		28.01
13		1.00		0.95		77.00		1.00		0.95		77.38
14		1.00		0.77		43.00		1.00		0.91		72.71
15		1.00		1.00		21.00		1.00		0.94		25.12
16		1.00		0.91		4.00		1.00		0.87		26.33
17		1.00		0.95		61.00		0.99		0.93		42.26
18		1.00		0.91		5.00		1.00		0.95		51.64
19		1.00		0.77		33.00		1.00		0.82		38.02
20		1.00		0.95		63.00		1.00		0.96		42.01
21		1.00		0.82		15.00		1.00		0.91		44.99
22		1.00		0.86		22.00		0.99		0.92		25.81
23		1.00		0.55		5.00		1.00		0.88		27.12
24		1.00		0.91		14.00		1.00		0.91		17.03
25		1.00		0.86		16.00		1.00		0.97		44.07
26		1.00		0.91		17.00		1.00		0.98		29.22
27		1.00		0.77		5.00		1.00		0.92		45.48
28		1.00		0.82		6.00		1.00		0.95		29.41
29		1.00		1.00		144.00		1.00		0.99		114.10
30		1.00		0.91		22.00		1.00		0.94		51.27
		1.00		0.87		29.27		1.00		0.91		40.42		35.24


ALLAML
Fold	AccTrBest	AccTeBest	FeatBest	AccTrAvg	AccTeAvg	FeatAvg	Time
1		1.00		0.95		5.00		1.00		0.93		71.07
2		1.00		0.95		5.00		1.00		0.95		46.86
3		1.00		0.91		6.00		1.00		0.93		29.36
4		1.00		0.95		2.00		1.00		0.95		17.59
5		1.00		0.86		19.00		1.00		0.86		34.57
6		1.00		0.91		3.00		1.00		0.93		22.82
7		1.00		0.82		1.00		1.00		0.92		18.90
8		1.00		0.95		4.00		1.00		0.91		13.12
9		1.00		0.91		5.00		1.00		0.96		13.76
10		1.00		0.95		93.00		1.00		0.94		49.23
11		1.00		0.95		38.00		1.00		0.93		49.48
12		1.00		0.91		2.00		1.00		0.89		30.33
13		1.00		1.00		67.00		1.00		0.95		52.25
14		1.00		0.91		3.00		1.00		0.90		33.99
15		1.00		0.86		6.00		1.00		0.91		17.95
16		1.00		0.95		4.00		1.00		0.87		42.69
17		1.00		0.82		10.00		1.00		0.87		29.39
18		1.00		0.82		3.00		1.00		0.84		17.87
19		1.00		0.82		4.00		1.00		0.93		30.07
20		1.00		0.82		3.00		1.00		0.96		39.44
21		1.00		0.82		2.00		1.00		0.91		24.51
22		1.00		0.86		4.00		1.00		0.90		23.17
23		1.00		0.95		24.00		1.00		0.97		31.28
24		1.00		0.82		13.00		1.00		0.90		16.00
25		1.00		0.95		13.00		1.00		0.94		43.70
26		1.00		0.91		2.00		1.00		0.90		35.05
27		1.00		0.91		40.00		1.00		0.91		44.64
28		1.00		0.86		31.00		1.00		0.93		36.52
29		1.00		0.68		2.00		1.00		0.74		9.95
30		1.00		0.86		8.00		1.00		0.84		18.36
		1.00		0.89		14.07		1.00		0.91		31.46		35.20


Carcinom
Fold	AccTrBest	AccTeBest	FeatBest	AccTrAvg	AccTeAvg	FeatAvg	Time
1		0.97		0.83		58.00		0.79		0.69		16.63
2		0.94		0.92		74.00		0.80		0.69		24.68
3		0.97		0.89		182.00		0.86		0.72		57.29
4		0.96		0.85		78.00		0.89		0.83		59.92
5		0.93		0.85		468.00		0.82		0.73		107.23
6		0.97		0.81		336.00		0.85		0.71		87.30
7		0.95		0.87		70.00		0.81		0.70		20.47
8		0.95		0.81		44.00		0.78		0.64		18.76
9		0.98		0.79		83.00		0.90		0.78		49.06
10		0.99		0.85		106.00		0.96		0.80		54.30
11		0.98		0.83		298.00		0.88		0.73		170.58
12		0.93		0.85		221.00		0.90		0.80		202.29
13		0.97		0.83		154.00		0.82		0.66		50.36
14		0.97		0.83		147.00		0.94		0.80		117.38
15		0.98		0.89		73.00		0.79		0.72		21.00
16		0.94		0.87		152.00		0.82		0.75		44.04
17		0.95		0.79		61.00		0.79		0.62		15.88
18		0.95		0.91		58.00		0.86		0.79		31.38
19		0.98		0.92		80.00		0.87		0.75		27.57
20		0.98		0.81		252.00		0.93		0.73		103.45
21		0.98		0.87		41.00		0.86		0.77		19.70
22		0.95		0.89		120.00		0.84		0.75		61.82
23		0.97		0.81		136.00		0.87		0.72		34.31
24		0.94		0.85		485.00		0.92		0.81		314.28
25		0.96		0.87		43.00		0.82		0.69		17.71
26		0.97		0.72		421.00		0.87		0.71		109.50
27		0.97		0.92		87.00		0.89		0.77		44.44
28		0.97		0.83		55.00		0.91		0.75		35.31
29		0.98		0.83		39.00		0.89		0.76		27.73
30		0.98		0.85		209.00		0.92		0.82		129.46
		0.96		0.85		154.37		0.86		0.74		69.13		54.67


arcene
Fold	AccTrBest	AccTeBest	FeatBest	AccTrAvg	AccTeAvg	FeatAvg	Time
1		0.97		0.87		70.00		0.89		0.81		21.10
2		0.95		0.85		49.00		0.87		0.78		18.14
3		0.96		0.85		81.00		0.88		0.76		28.50
4		0.97		0.88		172.00		0.93		0.89		101.11
5		0.98		0.87		660.00		0.89		0.75		57.78
6		0.97		0.83		55.00		0.91		0.79		21.43
7		0.96		0.75		210.00		0.92		0.72		79.11
8		0.96		0.78		40.00		0.88		0.76		14.46
9		0.95		0.75		153.00		0.93		0.77		107.00
10		0.97		0.80		160.00		0.91		0.79		45.29
11		0.96		0.87		118.00		0.83		0.67		20.43
12		0.97		0.78		30.00		0.86		0.70		9.83
13		0.96		0.78		29.00		0.88		0.76		13.88
14		0.95		0.88		608.00		0.86		0.79		216.32
15		0.96		0.83		43.00		0.89		0.76		19.60
16		0.97		0.78		75.00		0.90		0.77		19.64
17		0.97		0.88		271.00		0.87		0.77		81.00
18		0.95		0.83		24.00		0.87		0.77		10.93
19		0.96		0.87		248.00		0.93		0.84		152.36
20		0.99		0.83		38.00		0.92		0.77		13.58
21		0.98		0.87		45.00		0.93		0.80		24.37
22		0.96		0.87		68.00		0.91		0.83		45.20
23		0.98		0.70		58.00		0.92		0.74		36.00
24		0.96		0.83		76.00		0.86		0.82		12.08
25		0.98		0.75		23.00		0.93		0.74		11.11
26		0.96		0.83		873.00		0.91		0.80		271.29
27		0.99		0.85		36.00		0.93		0.83		22.53
28		0.95		0.80		514.00		0.91		0.78		319.55
29		0.96		0.82		435.00		0.93		0.76		145.26
30		0.96		0.82		165.00		0.91		0.77		66.25
		0.97		0.82		180.90		0.90		0.78		66.84		74.81


Brain2
Fold	AccTrBest	AccTeBest	FeatBest	AccTrAvg	AccTeAvg	FeatAvg	Time
1		0.97		0.67		56.00		0.83		0.45		16.78
2		1.00		0.60		27.00		0.96		0.55		21.51
3		0.94		0.53		67.00		0.80		0.57		24.50
4		1.00		0.60		14.00		0.90		0.56		9.91
5		1.00		0.80		69.00		0.99		0.71		52.49
6		0.97		0.67		30.00		0.79		0.70		7.83
7		0.97		0.67		12.00		0.95		0.61		12.70
8		0.97		0.40		118.00		0.96		0.43		88.60
9		1.00		0.73		49.00		0.99		0.63		34.08
10		1.00		0.53		102.00		0.94		0.57		66.80
11		0.94		0.80		120.00		0.93		0.77		80.53
12		0.94		0.67		56.00		0.94		0.68		88.86
13		0.97		0.80		24.00		0.90		0.68		14.50
14		1.00		0.67		30.00		0.93		0.50		19.83
15		0.97		0.80		34.00		0.95		0.66		19.89
16		0.97		0.53		36.00		0.91		0.52		10.10
17		0.94		0.60		96.00		0.83		0.65		44.43
18		1.00		0.67		14.00		0.84		0.53		8.44
19		0.94		0.67		56.00		0.92		0.74		54.05
20		1.00		0.73		28.00		0.84		0.53		14.29
21		0.97		0.73		38.00		0.82		0.61		8.29
22		1.00		0.67		50.00		1.00		0.64		58.65
23		1.00		0.73		51.00		0.99		0.71		41.87
24		0.89		0.67		209.00		0.87		0.61		162.77
25		1.00		0.87		20.00		0.96		0.68		12.75
26		0.94		0.80		9.00		0.88		0.54		7.44
27		0.97		0.53		43.00		0.88		0.58		13.67
28		0.97		0.60		8.00		0.84		0.52		20.57
29		0.97		0.87		13.00		0.87		0.63		5.67
30		1.00		0.73		17.00		0.93		0.65		7.29
		0.97		0.68		49.87		0.90		0.61		34.30		31.31


prostate
Fold	AccTrBest	AccTeBest	FeatBest	AccTrAvg	AccTeAvg	FeatAvg	Time
1		1.00		0.84		16.00		1.00		0.84		14.59
2		1.00		0.84		217.00		1.00		0.86		56.07
3		1.00		0.77		44.00		1.00		0.83		36.59
4		0.99		0.90		56.00		0.98		0.88		41.50
5		0.99		0.84		62.00		0.99		0.85		74.52
6		1.00		0.71		36.00		0.97		0.79		11.88
7		0.99		0.87		104.00		0.98		0.85		103.63
8		1.00		0.84		28.00		0.87		0.70		13.33
9		0.99		0.94		121.00		0.98		0.88		68.56
10		1.00		0.81		32.00		1.00		0.84		20.03
11		1.00		0.87		71.00		0.97		0.87		56.31
12		0.99		0.94		20.00		0.98		0.90		18.37
13		0.99		0.81		41.00		0.92		0.78		23.00
14		0.97		0.87		186.00		0.97		0.87		164.37
15		0.99		0.84		30.00		0.98		0.85		21.64
16		1.00		0.84		106.00		1.00		0.83		102.27
17		0.99		0.84		65.00		0.97		0.81		46.56
18		1.00		0.87		13.00		0.96		0.85		12.00
19		1.00		0.87		36.00		0.99		0.88		23.33
20		0.97		0.81		163.00		0.97		0.93		125.64
21		0.99		0.81		11.00		0.93		0.79		6.63
22		0.99		0.84		63.00		0.96		0.83		46.63
23		0.97		0.97		73.00		0.96		0.92		59.30
24		0.97		0.90		76.00		0.97		0.92		75.28
25		0.99		0.94		20.00		0.97		0.91		16.92
26		1.00		0.90		12.00		0.99		0.91		11.04
27		0.97		0.90		103.00		0.96		0.89		93.29
28		0.99		0.90		57.00		0.92		0.86		33.00
29		1.00		0.84		14.00		1.00		0.87		14.11
30		0.99		0.74		19.00		0.96		0.80		13.09
		0.99		0.85		63.17		0.97		0.85		46.78		44.44


CLL_SUB_111
Fold	AccTrBest	AccTeBest	FeatBest	AccTrAvg	AccTeAvg	FeatAvg	Time
1		0.88		0.53		16.00		0.80		0.57		6.71
2		0.94		0.59		15.00		0.80		0.54		5.00
3		0.90		0.65		15.00		0.80		0.64		8.18
4		0.94		0.59		17.00		0.82		0.54		8.56
5		0.95		0.50		32.00		0.81		0.58		10.33
6		0.90		0.68		22.00		0.81		0.58		10.80
7		0.90		0.50		60.00		0.83		0.52		54.13
8		0.95		0.56		10.00		0.90		0.53		9.20
9		0.91		0.62		45.00		0.84		0.64		23.44
10		0.92		0.65		21.00		0.82		0.59		9.17
11		0.90		0.62		31.00		0.83		0.60		11.71
12		0.94		0.68		170.00		0.82		0.57		72.33
13		0.92		0.59		91.00		0.84		0.59		32.55
14		0.99		0.65		21.00		0.91		0.63		12.56
15		0.91		0.62		34.00		0.83		0.54		15.88
16		0.91		0.47		17.00		0.81		0.49		13.29
17		0.91		0.41		74.00		0.82		0.50		34.31
18		0.90		0.62		97.00		0.83		0.64		41.67
19		0.88		0.59		52.00		0.79		0.56		26.50
20		0.91		0.59		13.00		0.79		0.66		5.33
21		0.94		0.76		35.00		0.85		0.59		15.33
22		0.95		0.68		25.00		0.85		0.57		11.69
23		0.88		0.71		140.00		0.83		0.60		61.70
24		0.91		0.38		36.00		0.83		0.47		15.64
25		0.94		0.56		20.00		0.86		0.60		10.88
26		0.84		0.71		76.00		0.79		0.66		19.92
27		0.87		0.50		56.00		0.75		0.48		12.25
28		0.91		0.79		65.00		0.82		0.69		47.00
29		0.92		0.65		135.00		0.87		0.53		70.25
30		0.94		0.68		38.00		0.86		0.56		13.89
		0.91		0.60		49.30		0.83		0.58		23.01		44.54


Leukemia2
Fold	AccTrBest	AccTeBest	FeatBest	AccTrAvg	AccTeAvg	FeatAvg	Time
1		1.00		0.91		17.00		0.99		0.94		77.57
2		1.00		0.91		83.00		0.99		0.93		76.45
3		1.00		0.82		67.00		1.00		0.86		37.86
4		1.00		1.00		22.00		0.97		0.86		27.35
5		1.00		0.95		27.00		1.00		0.88		37.23
6		1.00		0.95		186.00		0.98		0.94		147.72
7		1.00		0.73		48.00		1.00		0.77		45.84
8		1.00		0.77		67.00		1.00		0.82		34.87
9		1.00		0.86		182.00		0.99		0.88		301.92
10		1.00		0.95		70.00		1.00		0.91		51.76
11		1.00		0.91		96.00		1.00		0.85		75.27
12		1.00		0.91		30.00		0.98		0.91		21.71
13		1.00		1.00		63.00		0.99		0.91		35.90
14		1.00		0.82		256.00		0.99		0.82		193.80
15		1.00		0.91		405.00		1.00		0.88		218.54
16		1.00		0.91		144.00		0.99		0.90		116.92
17		1.00		0.91		28.00		0.99		0.93		34.88
18		1.00		0.86		47.00		1.00		0.91		47.53
19		1.00		0.68		19.00		0.99		0.82		29.36
20		1.00		0.91		136.00		0.95		0.81		25.80
21		1.00		0.68		5.00		1.00		0.80		36.95
22		0.98		0.95		75.00		0.98		0.94		50.71
23		1.00		0.77		10.00		0.99		0.80		41.11
24		1.00		0.68		164.00		0.99		0.81		110.11
25		1.00		0.82		5.00		1.00		0.85		20.61
26		1.00		0.91		81.00		0.99		0.75		25.74
27		1.00		0.86		68.00		0.99		0.84		91.61
28		1.00		0.91		115.00		0.98		0.85		64.98
29		1.00		0.91		56.00		0.99		0.85		53.37
30		1.00		0.91		115.00		1.00		0.85		44.81
		1.00		0.87		89.57		0.99		0.86		72.61		51.66


11Tumor
Fold	AccTrBest	AccTeBest	FeatBest	AccTrAvg	AccTeAvg	FeatAvg	Time
1		0.94		0.68		45.00		0.88		0.65		30.88
2		0.95		0.75		95.00		0.82		0.64		38.82
3		0.94		0.81		169.00		0.79		0.68		53.38
4		0.89		0.72		84.00		0.81		0.62		41.88
5		0.91		0.75		116.00		0.72		0.60		24.38
6		0.93		0.74		54.00		0.78		0.64		27.64
7		0.91		0.79		142.00		0.72		0.58		32.22
8		0.90		0.75		29.00		0.73		0.62		11.08
9		0.90		0.74		166.00		0.84		0.77		127.15
10		0.93		0.79		95.00		0.77		0.68		30.26
11		0.92		0.77		48.00		0.80		0.62		18.36
12		0.89		0.70		121.00		0.75		0.63		27.05
13		0.94		0.77		228.00		0.82		0.67		53.37
14		0.91		0.74		65.00		0.71		0.55		15.14
15		0.91		0.81		139.00		0.85		0.77		102.44
16		0.91		0.89		118.00		0.88		0.84		85.93
17		0.93		0.74		56.00		0.82		0.67		31.40
18		0.93		0.83		186.00		0.85		0.70		60.06
19		0.94		0.81		101.00		0.74		0.59		26.11
20		0.94		0.68		87.00		0.75		0.59		33.76
21		0.91		0.79		84.00		0.72		0.55		21.00
22		0.94		0.83		191.00		0.80		0.68		42.23
23		0.93		0.77		143.00		0.84		0.77		84.53
24		0.91		0.70		54.00		0.79		0.64		18.71
25		0.89		0.74		72.00		0.72		0.57		22.42
26		0.93		0.70		98.00		0.76		0.49		28.00
27		0.90		0.75		230.00		0.82		0.70		113.25
28		0.93		0.77		91.00		0.79		0.68		25.72
29		0.94		0.77		108.00		0.74		0.65		36.67
30		0.89		0.72		73.00		0.77		0.72		36.20
		0.92		0.76		109.60		0.79		0.65		43.34		71.78


Lung
Fold	AccTrBest	AccTeBest	FeatBest	AccTrAvg	AccTeAvg	FeatAvg	Time
1		0.99		0.92		27.00		0.94		0.87		9.42
2		1.00		0.92		59.00		0.94		0.87		19.50
3		0.99		0.84		36.00		0.91		0.81		10.82
4		0.99		0.90		24.00		0.95		0.88		18.59
5		1.00		0.84		18.00		0.97		0.84		12.20
6		0.99		0.89		14.00		0.95		0.86		7.09
7		0.99		0.87		40.00		0.93		0.77		11.43
8		1.00		0.93		48.00		0.99		0.95		34.99
9		0.99		0.90		94.00		0.97		0.89		53.06
10		0.99		0.95		16.00		0.94		0.88		6.73
11		0.99		0.89		47.00		0.97		0.88		19.56
12		0.99		0.90		49.00		0.94		0.84		25.76
13		0.99		0.93		89.00		0.98		0.91		74.63
14		0.99		0.92		63.00		0.95		0.89		30.95
15		0.99		0.85		41.00		0.94		0.81		15.25
16		0.99		0.93		50.00		0.90		0.86		16.29
17		1.00		0.90		52.00		0.92		0.86		14.85
18		1.00		0.92		51.00		0.94		0.84		16.23
19		0.99		0.89		180.00		0.98		0.90		104.72
20		0.99		0.85		101.00		0.98		0.88		156.11
21		1.00		0.92		53.00		0.94		0.82		15.44
22		1.00		0.90		12.00		0.96		0.86		7.67
23		0.98		0.97		169.00		0.97		0.96		141.31
24		0.99		0.95		55.00		0.98		0.91		29.18
25		0.99		0.93		28.00		0.92		0.84		9.67
26		1.00		0.92		35.00		0.93		0.85		13.91
27		0.98		0.90		12.00		0.93		0.84		8.50
28		0.99		0.93		36.00		0.91		0.87		10.13
29		0.99		0.89		48.00		0.98		0.87		36.21
30		0.99		0.89		58.00		0.95		0.87		25.00
		0.99		0.90		53.50		0.95		0.87		31.84		23.07


SMK_CAN_187
Fold	AccTrBest	AccTeBest	FeatBest	AccTrAvg	AccTeAvg	FeatAvg	Time
1		0.90		0.70		18.00		0.82		0.60		9.22
2		0.88		0.61		63.00		0.79		0.62		19.20
3		0.89		0.61		31.00		0.84		0.58		16.93
4		0.88		0.65		60.00		0.77		0.67		26.73
5		0.82		0.60		169.00		0.77		0.57		139.21
6		0.87		0.56		17.00		0.78		0.56		7.56
7		0.85		0.60		137.00		0.76		0.56		37.56
8		0.82		0.68		72.00		0.74		0.66		57.82
9		0.87		0.58		38.00		0.82		0.61		24.60
10		0.88		0.60		41.00		0.80		0.59		29.00
11		0.77		0.68		229.00		0.70		0.66		167.35
12		0.87		0.60		7.00		0.78		0.61		4.40
13		0.83		0.67		37.00		0.80		0.60		17.22
14		0.85		0.61		26.00		0.80		0.61		13.21
15		0.75		0.72		520.00		0.69		0.72		330.11
16		0.82		0.60		194.00		0.79		0.55		105.67
17		0.85		0.68		78.00		0.79		0.64		47.42
18		0.75		0.58		280.00		0.71		0.59		210.86
19		0.82		0.74		203.00		0.76		0.70		117.25
20		0.83		0.60		77.00		0.80		0.56		68.78
21		0.82		0.67		7.00		0.74		0.58		4.25
22		0.84		0.60		11.00		0.78		0.58		8.17
23		0.85		0.63		10.00		0.75		0.56		3.88
24		0.86		0.70		31.00		0.77		0.64		23.50
25		0.87		0.54		42.00		0.83		0.61		18.33
26		0.85		0.54		78.00		0.80		0.56		51.64
27		0.81		0.63		242.00		0.78		0.64		212.67
28		0.83		0.58		11.00		0.76		0.59		10.25
29		0.88		0.47		39.00		0.83		0.53		27.33
30		0.88		0.61		28.00		0.81		0.57		16.50
		0.84		0.62		93.20		0.78		0.60		60.89		127.48


gse19804
Fold	AccTrBest	AccTeBest	FeatBest	AccTrAvg	AccTeAvg	FeatAvg	Time
1		1.00		0.86		32.00		1.00		0.89		18.45
2		0.96		0.92		33.00		0.95		0.95		24.50
3		0.95		0.94		54.00		0.95		0.92		62.34
4		0.96		0.94		34.00		0.96		0.94		24.97
5		0.99		0.92		25.00		0.97		0.90		18.80
6		0.99		0.94		13.00		0.96		0.91		7.73
7		0.99		0.83		18.00		0.97		0.90		7.11
8		0.96		0.92		72.00		0.96		0.91		75.02
9		0.99		0.83		5.00		0.94		0.83		2.83
10		0.94		0.97		135.00		0.94		0.96		135.80
11		0.90		0.94		301.00		0.90		0.95		301.23
12		1.00		0.92		3.00		0.99		0.92		2.50
13		0.99		0.78		47.00		0.99		0.85		37.00
14		0.99		0.89		14.00		0.98		0.88		13.30
15		1.00		0.89		21.00		0.99		0.90		13.75
16		1.00		0.86		31.00		1.00		0.87		33.28
17		0.96		0.97		79.00		0.96		0.96		86.18
18		0.99		0.86		75.00		0.98		0.84		66.24
19		0.96		0.86		35.00		0.96		0.90		41.24
20		1.00		0.86		21.00		1.00		0.86		11.52
21		1.00		0.89		84.00		0.99		0.88		82.20
22		0.99		0.86		174.00		0.99		0.86		204.43
23		0.98		0.97		8.00		0.97		0.94		5.57
24		0.99		1.00		45.00		0.96		0.95		38.48
25		1.00		0.97		4.00		0.99		0.96		4.09
26		0.99		0.92		5.00		0.99		0.95		11.53
27		0.98		0.92		91.00		0.98		0.88		81.62
28		0.98		0.94		7.00		0.96		0.90		6.67
29		1.00		0.97		10.00		0.97		0.92		4.71
30		0.99		0.92		85.00		0.99		0.90		52.30
		0.98		0.91		52.03		0.97		0.91		49.18		108.68


GLI_85
Fold	AccTrBest	AccTeBest	FeatBest	AccTrAvg	AccTeAvg	FeatAvg	Time
1		1.00		0.88		39.00		1.00		0.83		17.49
2		1.00		0.85		31.00		0.98		0.79		21.00
3		1.00		0.77		9.00		1.00		0.74		34.68
4		1.00		0.81		19.00		0.94		0.83		14.30
5		1.00		0.92		43.00		0.99		0.90		30.81
6		0.97		0.92		205.00		0.94		0.87		165.05
7		0.98		0.88		62.00		0.92		0.88		33.17
8		1.00		0.77		25.00		1.00		0.81		82.70
9		1.00		0.85		39.00		1.00		0.80		29.16
10		1.00		0.85		24.00		0.97		0.74		12.14
11		1.00		0.92		28.00		0.98		0.88		20.48
12		1.00		0.62		15.00		0.98		0.78		18.70
13		1.00		0.81		18.00		0.94		0.83		7.00
14		1.00		0.77		34.00		1.00		0.80		25.67
15		1.00		0.73		23.00		1.00		0.73		11.24
16		1.00		0.81		22.00		1.00		0.79		25.77
17		1.00		0.85		24.00		0.98		0.81		13.92
18		0.98		0.96		172.00		0.98		0.96		105.83
19		1.00		0.88		78.00		0.96		0.85		71.18
20		0.98		0.85		214.00		0.98		0.83		103.99
21		1.00		0.81		19.00		0.93		0.72		6.00
22		1.00		0.88		56.00		1.00		0.87		26.13
23		1.00		0.73		19.00		1.00		0.78		11.81
24		1.00		0.92		34.00		1.00		0.87		19.27
25		1.00		0.81		6.00		0.98		0.79		8.63
26		1.00		0.81		9.00		0.94		0.77		6.10
27		1.00		0.81		184.00		1.00		0.82		147.24
28		0.98		0.85		20.00		0.98		0.78		212.54
29		0.98		0.88		50.00		0.98		0.89		65.45
30		0.98		0.73		83.00		0.98		0.70		61.50
		1.00		0.83		53.47		0.98		0.82		46.96		96.81


drivface
Fold	AccTrBest	AccTeBest	FeatBest	AccTrAvg	AccTeAvg	FeatAvg	Time
1		1.00		0.99		25.00		1.00		0.98		18.67
2		1.00		0.99		7.00		0.99		0.97		4.00
3		1.00		0.97		23.00		1.00		0.97		15.54
4		1.00		0.99		57.00		0.99		0.98		20.06
5		1.00		0.98		52.00		0.99		0.98		49.46
6		1.00		0.97		14.00		1.00		0.98		28.32
7		1.00		0.99		79.00		1.00		0.99		60.00
8		1.00		0.96		6.00		1.00		0.98		24.39
9		1.00		0.97		712.00		1.00		0.98		147.01
10		1.00		0.98		169.00		1.00		0.99		23.45
11		1.00		0.99		27.00		1.00		0.99		25.26
12		1.00		0.97		26.00		1.00		0.96		12.34
13		1.00		0.99		13.00		1.00		0.99		15.25
14		1.00		0.98		40.00		1.00		0.98		30.40
15		1.00		0.98		92.00		0.99		0.97		47.00
16		1.00		0.99		106.00		0.99		0.99		53.42
17		1.00		0.97		22.00		0.99		0.96		6.83
18		1.00		0.98		29.00		0.98		0.97		8.67
19		1.00		0.98		53.00		0.99		0.99		37.34
20		1.00		0.99		5.00		1.00		0.97		3.80
21		1.00		1.00		63.00		0.99		0.99		50.93
22		1.00		0.97		12.00		1.00		0.97		12.09
23		1.00		1.00		22.00		0.99		0.99		16.56
24		1.00		0.98		34.00		1.00		0.97		21.37
25		1.00		0.98		7.00		1.00		0.99		16.77
26		1.00		0.99		13.00		0.99		0.99		8.00
27		1.00		0.99		25.00		1.00		0.99		24.87
28		1.00		0.98		7.00		1.00		0.99		20.50
29		1.00		0.98		13.00		1.00		0.98		11.92
30		1.00		0.98		41.00		1.00		0.98		37.23
		1.00		0.98		59.80		1.00		0.98		28.38		192.39


RELATHE
Fold	AccTrBest	AccTeBest	FeatBest	AccTrAvg	AccTeAvg	FeatAvg	Time
1		0.88		0.81		181.00		0.80		0.74		56.06
2		0.88		0.78		166.00		0.81		0.75		53.20
3		0.88		0.83		133.00		0.80		0.76		45.39
4		0.91		0.84		415.00		0.85		0.80		142.90
5		0.89		0.85		261.00		0.81		0.78		58.54
6		0.88		0.78		139.00		0.79		0.71		56.54
7		0.90		0.83		173.00		0.83		0.76		66.68
8		0.90		0.82		219.00		0.82		0.77		69.67
9		0.90		0.80		499.00		0.80		0.74		103.10
10		0.88		0.83		428.00		0.80		0.74		88.31
11		0.90		0.81		120.00		0.81		0.76		46.02
12		0.91		0.80		209.00		0.85		0.76		84.43
13		0.91		0.80		104.00		0.79		0.72		34.00
14		0.89		0.83		138.00		0.82		0.76		46.79
15		0.89		0.83		281.00		0.83		0.74		89.44
16		0.89		0.83		632.00		0.82		0.73		182.24
17		0.89		0.79		178.00		0.81		0.71		59.30
18		0.88		0.83		205.00		0.80		0.75		56.00
19		0.90		0.81		227.00		0.83		0.77		89.51
20		0.88		0.84		345.00		0.80		0.77		93.37
21		0.91		0.82		151.00		0.82		0.77		61.72
22		0.90		0.81		247.00		0.84		0.76		77.42
23		0.91		0.87		347.00		0.83		0.79		111.29
24		0.89		0.80		107.00		0.84		0.76		51.96
25		0.89		0.78		185.00		0.81		0.75		60.34
26		0.91		0.80		200.00		0.84		0.75		85.34
27		0.89		0.80		235.00		0.82		0.76		63.59
28		0.89		0.79		95.00		0.82		0.73		50.73
29		0.91		0.82		202.00		0.82		0.75		65.61
30		0.90		0.82		212.00		0.82		0.75		84.18
		0.89		0.82		234.47		0.82		0.75		74.46		934.70


COIL20
Fold	AccTrBest	AccTeBest	FeatBest	AccTrAvg	AccTeAvg	FeatAvg	Time
1		1.00		0.99		57.00		0.99		0.98		40.66
2		1.00		0.99		23.00		0.99		0.98		85.55
3		1.00		1.00		119.00		0.99		0.98		65.52
4		1.00		0.98		21.00		0.96		0.93		35.54
5		1.00		0.99		22.00		0.98		0.98		46.22
6		1.00		0.99		40.00		0.99		0.98		39.25
7		1.00		1.00		125.00		0.99		0.98		91.40
8		1.00		1.00		69.00		0.99		0.99		66.09
9		1.00		0.99		26.00		0.98		0.97		45.77
10		1.00		1.00		24.00		0.98		0.98		42.28
11		1.00		1.00		57.00		0.99		0.99		78.63
12		1.00		0.99		69.00		0.98		0.97		56.64
13		1.00		0.99		26.00		0.98		0.98		70.41
14		1.00		0.99		104.00		0.99		0.99		82.32
15		1.00		1.00		138.00		0.99		0.98		101.41
16		1.00		1.00		127.00		0.98		0.98		77.33
17		1.00		0.99		27.00		0.99		0.99		80.89
18		1.00		0.99		81.00		0.98		0.97		64.93
19		1.00		0.99		85.00		0.99		0.98		66.77
20		1.00		1.00		79.00		0.99		0.98		78.07
21		1.00		0.99		20.00		0.99		0.98		108.69
22		1.00		0.99		40.00		0.99		0.97		48.74
23		1.00		1.00		86.00		0.99		0.98		60.32
24		1.00		0.99		54.00		0.99		0.98		51.47
25		1.00		1.00		75.00		1.00		0.99		46.36
26		1.00		1.00		90.00		0.98		0.98		69.42
27		1.00		0.99		17.00		0.98		0.97		66.64
28		1.00		0.99		26.00		0.99		0.98		57.40
29		1.00		1.00		85.00		0.99		0.98		69.59
30		1.00		1.00		39.00		0.98		0.98		43.31
		1.00		0.99		61.70		0.98		0.98		64.59		305.79


Isolet
Fold	AccTrBest	AccTeBest	FeatBest	AccTrAvg	AccTeAvg	FeatAvg	Time
1		0.92		0.88		105.00		0.81		0.77		33.65
2		0.92		0.91		136.00		0.78		0.77		45.17
3		0.92		0.88		118.00		0.82		0.79		36.37
4		0.92		0.88		64.00		0.76		0.73		27.34
5		0.92		0.87		109.00		0.78		0.74		32.16
6		0.94		0.89		83.00		0.80		0.74		28.58
7		0.93		0.87		89.00		0.80		0.75		34.02
8		0.92		0.86		57.00		0.79		0.77		26.58
9		0.93		0.89		113.00		0.83		0.80		45.33
10		0.93		0.88		166.00		0.81		0.75		35.05
11		0.92		0.90		145.00		0.81		0.81		43.71
12		0.92		0.89		66.00		0.77		0.76		28.39
13		0.93		0.89		82.00		0.80		0.76		28.13
14		0.91		0.91		181.00		0.78		0.76		32.78
15		0.92		0.91		84.00		0.77		0.76		30.97
16		0.93		0.90		70.00		0.77		0.74		24.03
17		0.92		0.91		89.00		0.76		0.74		26.46
18		0.92		0.86		86.00		0.79		0.77		33.41
19		0.93		0.90		100.00		0.81		0.76		36.38
20		0.93		0.90		84.00		0.80		0.78		32.06
21		0.92		0.92		86.00		0.75		0.72		24.19
22		0.92		0.89		124.00		0.81		0.78		35.45
23		0.91		0.87		99.00		0.83		0.80		35.84
24		0.93		0.88		93.00		0.80		0.77		35.26
25		0.92		0.87		85.00		0.79		0.75		28.21
26		0.93		0.86		77.00		0.79		0.73		28.21
27		0.92		0.85		39.00		0.81		0.77		20.58
28		0.92		0.90		96.00		0.79		0.75		31.75
29		0.92		0.89		120.00		0.79		0.76		39.39
30		0.93		0.87		88.00		0.83		0.78		37.50
		0.92		0.88		97.80		0.79		0.76		32.57		318.28


PCMAC
Fold	AccTrBest	AccTeBest	FeatBest	AccTrAvg	AccTeAvg	FeatAvg	Time
1		0.89		0.84		50.00		0.84		0.81		22.70
2		0.89		0.85		56.00		0.88		0.85		41.54
3		0.90		0.89		61.00		0.84		0.84		22.61
4		0.89		0.87		40.00		0.85		0.84		28.90
5		0.92		0.84		42.00		0.90		0.83		26.67
6		0.90		0.85		56.00		0.85		0.81		25.50
7		0.90		0.84		44.00		0.85		0.82		30.38
8		0.90		0.87		67.00		0.88		0.85		33.35
9		0.91		0.88		37.00		0.86		0.86		21.07
10		0.91		0.85		63.00		0.86		0.83		23.90
11		0.91		0.85		58.00		0.85		0.82		30.04
12		0.90		0.89		52.00		0.86		0.85		27.84
13		0.91		0.89		57.00		0.85		0.84		26.75
14		0.89		0.88		34.00		0.85		0.86		20.00
15		0.89		0.85		32.00		0.83		0.81		19.56
16		0.90		0.85		73.00		0.87		0.84		34.58
17		0.91		0.86		49.00		0.89		0.84		26.95
18		0.91		0.86		48.00		0.87		0.83		28.71
19		0.88		0.85		46.00		0.86		0.84		27.50
20		0.89		0.86		38.00		0.84		0.82		23.00
21		0.89		0.86		51.00		0.86		0.84		32.88
22		0.90		0.87		39.00		0.84		0.83		18.12
23		0.90		0.86		57.00		0.86		0.84		29.92
24		0.90		0.87		61.00		0.85		0.85		37.38
25		0.90		0.87		50.00		0.84		0.83		25.67
26		0.90		0.89		35.00		0.87		0.86		21.14
27		0.89		0.85		54.00		0.85		0.85		23.29
28		0.89		0.85		66.00		0.86		0.83		41.80
29		0.91		0.87		48.00		0.85		0.83		28.63
30		0.89		0.86		45.00		0.82		0.79		29.73
		0.90		0.86		50.30		0.86		0.83		27.67		1159.97


BASEHOCK
Fold	AccTrBest	AccTeBest	FeatBest	AccTrAvg	AccTeAvg	FeatAvg	Time
1		0.95		0.92		49.00		0.92		0.91		28.74
2		0.96		0.94		76.00		0.92		0.89		30.64
3		0.95		0.93		76.00		0.91		0.89		55.61
4		0.95		0.91		69.00		0.92		0.89		40.65
5		0.96		0.93		80.00		0.93		0.90		60.05
6		0.96		0.92		48.00		0.89		0.87		29.34
7		0.96		0.94		66.00		0.92		0.90		38.41
8		0.95		0.91		72.00		0.86		0.85		25.71
9		0.96		0.92		75.00		0.94		0.90		41.89
10		0.94		0.90		128.00		0.91		0.88		96.29
11		0.94		0.93		40.00		0.92		0.92		31.15
12		0.95		0.94		69.00		0.92		0.92		30.94
13		0.96		0.95		56.00		0.89		0.89		24.72
14		0.96		0.93		43.00		0.93		0.90		27.76
15		0.96		0.91		93.00		0.92		0.88		51.30
16		0.95		0.92		62.00		0.92		0.90		39.86
17		0.95		0.92		42.00		0.91		0.89		24.71
18		0.95		0.91		53.00		0.90		0.88		30.29
19		0.96		0.94		87.00		0.94		0.93		62.71
20		0.95		0.91		74.00		0.92		0.88		55.29
21		0.94		0.91		52.00		0.89		0.88		34.33
22		0.95		0.93		45.00		0.91		0.89		25.41
23		0.94		0.94		36.00		0.91		0.91		26.62
24		0.95		0.90		75.00		0.92		0.89		54.36
25		0.95		0.94		42.00		0.89		0.88		27.61
26		0.95		0.94		72.00		0.92		0.91		31.14
27		0.95		0.89		88.00		0.93		0.87		62.13
28		0.95		0.91		58.00		0.92		0.88		41.00
29		0.95		0.94		76.00		0.92		0.90		38.90
30		0.95		0.91		71.00		0.92		0.89		41.96
		0.95		0.92		65.77		0.91		0.89		40.32		1760.66
