240.380000000000	27.6300000000000	28.3600000000000	26.1800000000000	2	0.500000000000000	0.850000000000000	6.29000000000000	1.67000000000000	0.700000000000000	-0.0800000000000000	56	3806.36000000000	1.33000000000000	97	1.12000000000000	227.190000000000	1.32000000000000	1.42000000000000	203.950000000000	237.230000000000	240.380000000000	27.6300000000000	28.3600000000000	26.1800000000000	2	0.500000000000000	0.850000000000000	6.29000000000000	1.67000000000000	0.700000000000000	-0.0800000000000000	56	3806.36000000000	1.33000000000000	97	1.12000000000000	227.190000000000	1.32000000000000	1.42000000000000	203.950000000000	237.230000000000	240.380000000000	27.6300000000000	28.3600000000000	26.1800000000000	2	0.500000000000000	0.850000000000000	6.29000000000000	1.67000000000000	0.700000000000000	-0.0800000000000000	56	3806.36000000000	3
220.010000000000	18.8600000000000	19.9400000000000	19.6100000000000	2.26000000000000	0.740000000000000	0.480000000000000	8.14000000000000	1.28000000000000	0.780000000000000	-0.100000000000000	1526	1757.87000000000	4.57000000000000	7711	1.66000000000000	211.940000000000	2.90000000000000	4.97000000000000	186.310000000000	223.830000000000	225.680000000000	22.6200000000000	22.9200000000000	22.2900000000000	2.25000000000000	0.790000000000000	0.550000000000000	8.42000000000000	1.38000000000000	0.810000000000000	-0.0900000000000000	1746	1450.14000000000	4.57000000000000	7711	1.66000000000000	211.940000000000	2.90000000000000	4.97000000000000	186.310000000000	223.830000000000	225.680000000000	22.6200000000000	22.9200000000000	22.2900000000000	2.25000000000000	0.790000000000000	0.550000000000000	8.42000000000000	1.38000000000000	0.810000000000000	-0.0900000000000000	1746	1450.14000000000	4
234.430000000000	15.3500000000000	15.9300000000000	15.5900000000000	2.19000000000000	0.760000000000000	0.740000000000000	7.24000000000000	1.68000000000000	0.810000000000000	-0.0700000000000000	566	1094.04000000000	1.93000000000000	4606	1.17000000000000	222.970000000000	1.87000000000000	2.08000000000000	201.510000000000	232.960000000000	234.430000000000	15.3500000000000	15.9300000000000	15.5900000000000	2.19000000000000	0.760000000000000	0.740000000000000	7.24000000000000	1.68000000000000	0.810000000000000	-0.0700000000000000	566	1094.04000000000	1.93000000000000	4606	1.17000000000000	222.970000000000	1.87000000000000	2.08000000000000	201.510000000000	232.960000000000	234.430000000000	15.3500000000000	15.9300000000000	15.5900000000000	2.19000000000000	0.760000000000000	0.740000000000000	7.24000000000000	1.68000000000000	0.810000000000000	-0.0700000000000000	566	1094.04000000000	4
245.260000000000	10.4400000000000	9.36000000000000	9.35000000000000	3.38000000000000	0.670000000000000	0.620000000000000	7.01000000000000	1.16000000000000	0.930000000000000	-0.0900000000000000	1464	1785.12000000000	2.41000000000000	10482	1.41000000000000	226.650000000000	2.06000000000000	2.88000000000000	200.180000000000	239.930000000000	239.830000000000	13.6900000000000	13.7500000000000	13.5100000000000	3.34000000000000	0.820000000000000	0.740000000000000	7.44000000000000	1.36000000000000	0.920000000000000	-0.0900000000000000	1178	1125.38000000000	2.41000000000000	10482	1.41000000000000	226.650000000000	2.06000000000000	2.88000000000000	200.180000000000	239.930000000000	239.830000000000	13.6900000000000	13.7500000000000	13.5100000000000	3.34000000000000	0.820000000000000	0.740000000000000	7.44000000000000	1.36000000000000	0.920000000000000	-0.0900000000000000	1178	1125.38000000000	4
204.620000000000	16.0100000000000	16.5000000000000	17.4800000000000	24.8300000000000	0.840000000000000	0.590000000000000	7.97000000000000	0.430000000000000	1	-0.0600000000000000	2474	1130.22000000000	3.34000000000000	16680	2.37000000000000	193.390000000000	5.03000000000000	12.0600000000000	172.130000000000	203.140000000000	204.910000000000	17.3800000000000	14.9300000000000	15.6500000000000	50.0800000000000	0.850000000000000	0.490000000000000	8.15000000000000	0.230000000000000	1	-0.0800000000000000	6232	1146.38000000000	3.34000000000000	16680	2.37000000000000	193.390000000000	5.03000000000000	12.0600000000000	172.130000000000	203.140000000000	204.910000000000	17.3800000000000	14.9300000000000	15.6500000000000	50.0800000000000	0.850000000000000	0.490000000000000	8.15000000000000	0.230000000000000	1	-0.0800000000000000	6232	1146.38000000000	4
141.230000000000	29.2500000000000	26.4200000000000	26.3800000000000	2.31000000000000	0.840000000000000	0.790000000000000	8.17000000000000	1.80000000000000	0.680000000000000	0.290000000000000	866	943.960000000000	3.05000000000000	4174	1.50000000000000	161.920000000000	2	3.35000000000000	222.620000000000	121.920000000000	141.230000000000	29.2500000000000	26.4200000000000	26.3800000000000	2.31000000000000	0.840000000000000	0.790000000000000	8.17000000000000	1.80000000000000	0.680000000000000	0.290000000000000	866	943.960000000000	3.05000000000000	4174	1.50000000000000	161.920000000000	2	3.35000000000000	222.620000000000	121.920000000000	141.230000000000	29.2500000000000	26.4200000000000	26.3800000000000	2.31000000000000	0.840000000000000	0.790000000000000	8.17000000000000	1.80000000000000	0.680000000000000	0.290000000000000	866	943.960000000000	9
109.730000000000	43.8900000000000	42.5200000000000	41.8200000000000	2.39000000000000	0.880000000000000	0.570000000000000	8.46000000000000	1.30000000000000	0.880000000000000	-0.0700000000000000	676	872.290000000000	3.13000000000000	2706	1.86000000000000	112.580000000000	2.53000000000000	3.36000000000000	99.3900000000000	116.710000000000	121.650000000000	50.1000000000000	53.9100000000000	53.3600000000000	2.09000000000000	0.870000000000000	0.620000000000000	8.47000000000000	1.46000000000000	0.810000000000000	-0.0800000000000000	700	879.820000000000	3.13000000000000	2706	1.86000000000000	112.580000000000	2.53000000000000	3.36000000000000	99.3900000000000	116.710000000000	121.650000000000	50.1000000000000	53.9100000000000	53.3600000000000	2.09000000000000	0.870000000000000	0.620000000000000	8.47000000000000	1.46000000000000	0.810000000000000	-0.0800000000000000	700	879.820000000000	3
187.220000000000	63.4600000000000	66.7700000000000	65.3800000000000	1.77000000000000	0.760000000000000	0.870000000000000	7.17000000000000	1.96000000000000	0.440000000000000	-0.100000000000000	80	1652.39000000000	3.13000000000000	2706	1.86000000000000	112.580000000000	2.53000000000000	3.36000000000000	99.3900000000000	116.710000000000	121.650000000000	50.1000000000000	53.9100000000000	53.3600000000000	2.09000000000000	0.870000000000000	0.620000000000000	8.47000000000000	1.46000000000000	0.810000000000000	-0.0800000000000000	700	879.820000000000	3.13000000000000	2706	1.86000000000000	112.580000000000	2.53000000000000	3.36000000000000	99.3900000000000	116.710000000000	121.650000000000	50.1000000000000	53.9100000000000	53.3600000000000	2.09000000000000	0.870000000000000	0.620000000000000	8.47000000000000	1.46000000000000	0.810000000000000	-0.0800000000000000	700	879.820000000000	3
240.290000000000	17.0700000000000	11.5300000000000	10.6500000000000	1.02000000000000	0.870000000000000	0.910000000000000	7.38000000000000	2.34000000000000	0.110000000000000	-0.100000000000000	262	848.440000000000	1.16000000000000	3120	0.480000000000000	223.470000000000	1.33000000000000	1.17000000000000	193.770000000000	236.340000000000	240.290000000000	17.0700000000000	11.5300000000000	10.6500000000000	1.02000000000000	0.870000000000000	0.910000000000000	7.38000000000000	2.34000000000000	0.110000000000000	-0.100000000000000	262	848.440000000000	1.16000000000000	3120	0.480000000000000	223.470000000000	1.33000000000000	1.17000000000000	193.770000000000	236.340000000000	240.290000000000	17.0700000000000	11.5300000000000	10.6500000000000	1.02000000000000	0.870000000000000	0.910000000000000	7.38000000000000	2.34000000000000	0.110000000000000	-0.100000000000000	262	848.440000000000	2
101.450000000000	59.7200000000000	29.2600000000000	30.7000000000000	2.01000000000000	0.950000000000000	0.570000000000000	8.21000000000000	1.42000000000000	0.740000000000000	0.260000000000000	372	340.460000000000	2.74000000000000	983	1.68000000000000	117.760000000000	2.95000000000000	2.97000000000000	158.840000000000	92.9800000000000	101.450000000000	59.7200000000000	29.2600000000000	30.7000000000000	2.01000000000000	0.950000000000000	0.570000000000000	8.21000000000000	1.42000000000000	0.740000000000000	0.260000000000000	372	340.460000000000	2.74000000000000	983	1.68000000000000	117.760000000000	2.95000000000000	2.97000000000000	158.840000000000	92.9800000000000	101.450000000000	59.7200000000000	29.2600000000000	30.7000000000000	2.01000000000000	0.950000000000000	0.570000000000000	8.21000000000000	1.42000000000000	0.740000000000000	0.260000000000000	372	340.460000000000	9
236.110000000000	6.45000000000000	6.31000000000000	6.53000000000000	1.54000000000000	0.330000000000000	0.940000000000000	6.40000000000000	2.20000000000000	0.460000000000000	-0.140000000000000	410	3132.13000000000	1.46000000000000	4651	0.670000000000000	212.660000000000	1.15000000000000	1.50000000000000	172.660000000000	229.210000000000	236.110000000000	6.45000000000000	6.31000000000000	6.53000000000000	1.54000000000000	0.330000000000000	0.940000000000000	6.40000000000000	2.20000000000000	0.460000000000000	-0.140000000000000	410	3132.13000000000	1.46000000000000	4651	0.670000000000000	212.660000000000	1.15000000000000	1.50000000000000	172.660000000000	229.210000000000	236.110000000000	6.45000000000000	6.31000000000000	6.53000000000000	1.54000000000000	0.330000000000000	0.940000000000000	6.40000000000000	2.20000000000000	0.460000000000000	-0.140000000000000	410	3132.13000000000	2
95.1900000000000	25.7500000000000	26.3800000000000	26.4000000000000	1.50000000000000	0.770000000000000	0.680000000000000	8.19000000000000	1.85000000000000	0.460000000000000	-0.110000000000000	1342	1294.14000000000	4.19000000000000	6130	1.50000000000000	86.4100000000000	2.15000000000000	4.29000000000000	73.2400000000000	90.8200000000000	95.1900000000000	25.7500000000000	26.3800000000000	26.4000000000000	1.50000000000000	0.770000000000000	0.680000000000000	8.19000000000000	1.85000000000000	0.460000000000000	-0.110000000000000	1342	1294.14000000000	4.19000000000000	6130	1.50000000000000	86.4100000000000	2.15000000000000	4.29000000000000	73.2400000000000	90.8200000000000	95.1900000000000	25.7500000000000	26.3800000000000	26.4000000000000	1.50000000000000	0.770000000000000	0.680000000000000	8.19000000000000	1.85000000000000	0.460000000000000	-0.110000000000000	1342	1294.14000000000	1
173.290000000000	26.4300000000000	22.4400000000000	27.8400000000000	1.88000000000000	0.850000000000000	0.720000000000000	8.09000000000000	1.66000000000000	0.740000000000000	-0.0800000000000000	372	1032.13000000000	1.81000000000000	2367	1.46000000000000	181.570000000000	1.99000000000000	1.91000000000000	170.280000000000	201.130000000000	173.290000000000	26.4300000000000	22.4400000000000	27.8400000000000	1.88000000000000	0.850000000000000	0.720000000000000	8.09000000000000	1.66000000000000	0.740000000000000	-0.0800000000000000	372	1032.13000000000	1.81000000000000	2367	1.46000000000000	181.570000000000	1.99000000000000	1.91000000000000	170.280000000000	201.130000000000	173.290000000000	26.4300000000000	22.4400000000000	27.8400000000000	1.88000000000000	0.850000000000000	0.720000000000000	8.09000000000000	1.66000000000000	0.740000000000000	-0.0800000000000000	372	1032.13000000000	2
164.300000000000	10.7400000000000	17.1200000000000	16.1300000000000	1.80000000000000	0.500000000000000	0.920000000000000	6.91000000000000	2.04000000000000	0.520000000000000	0.180000000000000	84	2915.26000000000	1.08000000000000	345	0.320000000000000	175.820000000000	1.17000000000000	1.13000000000000	213.470000000000	149.680000000000	164.300000000000	10.7400000000000	17.1200000000000	16.1300000000000	1.80000000000000	0.500000000000000	0.920000000000000	6.91000000000000	2.04000000000000	0.520000000000000	0.180000000000000	84	2915.26000000000	1.08000000000000	345	0.320000000000000	175.820000000000	1.17000000000000	1.13000000000000	213.470000000000	149.680000000000	164.300000000000	10.7400000000000	17.1200000000000	16.1300000000000	1.80000000000000	0.500000000000000	0.920000000000000	6.91000000000000	2.04000000000000	0.520000000000000	0.180000000000000	84	2915.26000000000	5
60.0200000000000	18.5900000000000	17.5700000000000	17.8800000000000	1.41000000000000	0.840000000000000	0.780000000000000	7.61000000000000	2.04000000000000	0.500000000000000	-0.0400000000000000	314	1105.52000000000	2.09000000000000	1346	1.01000000000000	54.7700000000000	2.03000000000000	2.14000000000000	50.2400000000000	54.0600000000000	60.0200000000000	18.5900000000000	17.5700000000000	17.8800000000000	1.41000000000000	0.840000000000000	0.780000000000000	7.61000000000000	2.04000000000000	0.500000000000000	-0.0400000000000000	314	1105.52000000000	2.09000000000000	1346	1.01000000000000	54.7700000000000	2.03000000000000	2.14000000000000	50.2400000000000	54.0600000000000	60.0200000000000	18.5900000000000	17.5700000000000	17.8800000000000	1.41000000000000	0.840000000000000	0.780000000000000	7.61000000000000	2.04000000000000	0.500000000000000	-0.0400000000000000	314	1105.52000000000	7
197.830000000000	19.3700000000000	21.2000000000000	29.5200000000000	1.31000000000000	0.760000000000000	0.790000000000000	7.47000000000000	2.22000000000000	0.240000000000000	-0.0800000000000000	336	1351.99000000000	1.56000000000000	2782	0.790000000000000	210.060000000000	1.75000000000000	1.59000000000000	198.940000000000	233.400000000000	197.830000000000	19.3700000000000	21.2000000000000	29.5200000000000	1.31000000000000	0.760000000000000	0.790000000000000	7.47000000000000	2.22000000000000	0.240000000000000	-0.0800000000000000	336	1351.99000000000	1.56000000000000	2782	0.790000000000000	210.060000000000	1.75000000000000	1.59000000000000	198.940000000000	233.400000000000	197.830000000000	19.3700000000000	21.2000000000000	29.5200000000000	1.31000000000000	0.760000000000000	0.790000000000000	7.47000000000000	2.22000000000000	0.240000000000000	-0.0800000000000000	336	1351.99000000000	2
104.160000000000	26.3000000000000	17.1300000000000	17.3300000000000	1.07000000000000	0.870000000000000	0.850000000000000	7.90000000000000	2.17000000000000	0.0900000000000000	0.350000000000000	196	897.060000000000	1.96000000000000	597	0.630000000000000	125.710000000000	1.64000000000000	2.01000000000000	184.230000000000	88.7600000000000	104.160000000000	26.3000000000000	17.1300000000000	17.3300000000000	1.07000000000000	0.870000000000000	0.850000000000000	7.90000000000000	2.17000000000000	0.0900000000000000	0.350000000000000	196	897.060000000000	1.96000000000000	597	0.630000000000000	125.710000000000	1.64000000000000	2.01000000000000	184.230000000000	88.7600000000000	104.160000000000	26.3000000000000	17.1300000000000	17.3300000000000	1.07000000000000	0.870000000000000	0.850000000000000	7.90000000000000	2.17000000000000	0.0900000000000000	0.350000000000000	196	897.060000000000	9
206.500000000000	19.4800000000000	27.1700000000000	26.1500000000000	1.08000000000000	0.800000000000000	0.220000000000000	8.03000000000000	1.23000000000000	0.710000000000000	0.0100000000000000	1354	1146.01000000000	4.84000000000000	5657	2.78000000000000	203.490000000000	4.38000000000000	4.86000000000000	208.300000000000	201.780000000000	200.390000000000	20.3700000000000	30.5000000000000	29.7100000000000	1.02000000000000	0.810000000000000	0.270000000000000	8.22000000000000	1.28000000000000	0.710000000000000	0.0200000000000000	1462	1160.66000000000	4.84000000000000	5657	2.78000000000000	203.490000000000	4.38000000000000	4.86000000000000	208.300000000000	201.780000000000	200.390000000000	20.3700000000000	30.5000000000000	29.7100000000000	1.02000000000000	0.810000000000000	0.270000000000000	8.22000000000000	1.28000000000000	0.710000000000000	0.0200000000000000	1462	1160.66000000000	8
251.780000000000	8.63000000000000	8.13000000000000	6.84000000000000	1.27000000000000	0.520000000000000	0.850000000000000	6.72000000000000	2.18000000000000	0.440000000000000	-0.0400000000000000	264	2605.29000000000	1.19000000000000	2950	0.820000000000000	244.450000000000	1.31000000000000	1.22000000000000	230.240000000000	251.310000000000	251.780000000000	8.63000000000000	8.13000000000000	6.84000000000000	1.27000000000000	0.520000000000000	0.850000000000000	6.72000000000000	2.18000000000000	0.440000000000000	-0.0400000000000000	264	2605.29000000000	1.19000000000000	2950	0.820000000000000	244.450000000000	1.31000000000000	1.22000000000000	230.240000000000	251.310000000000	251.780000000000	8.63000000000000	8.13000000000000	6.84000000000000	1.27000000000000	0.520000000000000	0.850000000000000	6.72000000000000	2.18000000000000	0.440000000000000	-0.0400000000000000	264	2605.29000000000	2
53.6700000000000	24.3700000000000	27.9200000000000	24.3200000000000	1.21000000000000	0.810000000000000	0.510000000000000	7.32000000000000	1.52000000000000	0.710000000000000	0.0700000000000000	134	1520.80000000000	3.08000000000000	4013	2.22000000000000	79.7400000000000	3.45000000000000	3.47000000000000	106.750000000000	62.0300000000000	70.4400000000000	54.0300000000000	27.5700000000000	29.0300000000000	2.60000000000000	0.940000000000000	0.560000000000000	8.77000000000000	1.15000000000000	0.850000000000000	0.260000000000000	880	442.220000000000	3.08000000000000	4013	2.22000000000000	79.7400000000000	3.45000000000000	3.47000000000000	106.750000000000	62.0300000000000	70.4400000000000	54.0300000000000	27.5700000000000	29.0300000000000	2.60000000000000	0.940000000000000	0.560000000000000	8.77000000000000	1.15000000000000	0.850000000000000	0.260000000000000	880	442.220000000000	7
219.340000000000	24.3000000000000	26.0400000000000	30.5900000000000	2.15000000000000	0.710000000000000	0.890000000000000	7.08000000000000	1.94000000000000	0.630000000000000	-0.290000000000000	88	2065.10000000000	1.58000000000000	1410	0.730000000000000	203.800000000000	1.36000000000000	1.62000000000000	179.310000000000	209.520000000000	222.550000000000	56.7400000000000	44.5600000000000	38.5600000000000	1.41000000000000	0.930000000000000	0.850000000000000	8.25000000000000	2.19000000000000	0.300000000000000	-0.0800000000000000	244	500.590000000000	1.58000000000000	1410	0.730000000000000	203.800000000000	1.36000000000000	1.62000000000000	179.310000000000	209.520000000000	222.550000000000	56.7400000000000	44.5600000000000	38.5600000000000	1.41000000000000	0.930000000000000	0.850000000000000	8.25000000000000	2.19000000000000	0.300000000000000	-0.0800000000000000	244	500.590000000000	6
78.2500000000000	29.5600000000000	29.9500000000000	27.1900000000000	1.62000000000000	0.770000000000000	0.630000000000000	7.82000000000000	1.57000000000000	0.610000000000000	0.0400000000000000	236	1890.58000000000	2.62000000000000	461	1.85000000000000	77.3300000000000	2.89000000000000	2.75000000000000	80.3200000000000	73.4300000000000	78.2500000000000	29.5600000000000	29.9500000000000	27.1900000000000	1.62000000000000	0.770000000000000	0.630000000000000	7.82000000000000	1.57000000000000	0.610000000000000	0.0400000000000000	236	1890.58000000000	2.62000000000000	461	1.85000000000000	77.3300000000000	2.89000000000000	2.75000000000000	80.3200000000000	73.4300000000000	78.2500000000000	29.5600000000000	29.9500000000000	27.1900000000000	1.62000000000000	0.770000000000000	0.630000000000000	7.82000000000000	1.57000000000000	0.610000000000000	0.0400000000000000	236	1890.58000000000	7
218.650000000000	19.7100000000000	18.7300000000000	18.8100000000000	3.36000000000000	0.870000000000000	0.400000000000000	7.93000000000000	0.780000000000000	0.960000000000000	-0.0800000000000000	1912	799.260000000000	5.11000000000000	6146	2.75000000000000	207.530000000000	6.71000000000000	6.10000000000000	185.960000000000	217.990000000000	218.650000000000	19.7100000000000	18.7300000000000	18.8100000000000	3.36000000000000	0.870000000000000	0.400000000000000	7.93000000000000	0.780000000000000	0.960000000000000	-0.0800000000000000	1912	799.260000000000	5.11000000000000	6146	2.75000000000000	207.530000000000	6.71000000000000	6.10000000000000	185.960000000000	217.990000000000	218.650000000000	19.7100000000000	18.7300000000000	18.8100000000000	3.36000000000000	0.870000000000000	0.400000000000000	7.93000000000000	0.780000000000000	0.960000000000000	-0.0800000000000000	1912	799.260000000000	4
114.440000000000	35.8000000000000	27.5100000000000	26.9900000000000	1.05000000000000	0.890000000000000	0.620000000000000	8.64000000000000	1.64000000000000	0.140000000000000	0.180000000000000	456	793.760000000000	3.26000000000000	1216	2.05000000000000	124.300000000000	3.23000000000000	3.27000000000000	152.910000000000	105.570000000000	114.440000000000	35.8000000000000	27.5100000000000	26.9900000000000	1.05000000000000	0.890000000000000	0.620000000000000	8.64000000000000	1.64000000000000	0.140000000000000	0.180000000000000	456	793.760000000000	3.26000000000000	1216	2.05000000000000	124.300000000000	3.23000000000000	3.27000000000000	152.910000000000	105.570000000000	114.440000000000	35.8000000000000	27.5100000000000	26.9900000000000	1.05000000000000	0.890000000000000	0.620000000000000	8.64000000000000	1.64000000000000	0.140000000000000	0.180000000000000	456	793.760000000000	9
135.690000000000	17.3400000000000	17.0300000000000	15.2300000000000	1.04000000000000	0.740000000000000	0.730000000000000	7.78000000000000	1.97000000000000	0.310000000000000	0.240000000000000	372	1580.21000000000	2.33000000000000	1581	1.43000000000000	150.430000000000	1.64000000000000	2.34000000000000	196.150000000000	119.450000000000	135.690000000000	17.3400000000000	17.0300000000000	15.2300000000000	1.04000000000000	0.740000000000000	0.730000000000000	7.78000000000000	1.97000000000000	0.310000000000000	0.240000000000000	372	1580.21000000000	2.33000000000000	1581	1.43000000000000	150.430000000000	1.64000000000000	2.34000000000000	196.150000000000	119.450000000000	135.690000000000	17.3400000000000	17.0300000000000	15.2300000000000	1.04000000000000	0.740000000000000	0.730000000000000	7.78000000000000	1.97000000000000	0.310000000000000	0.240000000000000	372	1580.21000000000	5
248.020000000000	9.65000000000000	9.26000000000000	8.72000000000000	2.48000000000000	0.700000000000000	0.580000000000000	7.01000000000000	1.33000000000000	0.850000000000000	-0.0800000000000000	1372	1715.65000000000	2.82000000000000	12060	1.68000000000000	235.200000000000	3.25000000000000	3.12000000000000	209.970000000000	247.610000000000	248.020000000000	9.65000000000000	9.26000000000000	8.72000000000000	2.48000000000000	0.700000000000000	0.580000000000000	7.01000000000000	1.33000000000000	0.850000000000000	-0.0800000000000000	1372	1715.65000000000	2.82000000000000	12060	1.68000000000000	235.200000000000	3.25000000000000	3.12000000000000	209.970000000000	247.610000000000	248.020000000000	9.65000000000000	9.26000000000000	8.72000000000000	2.48000000000000	0.700000000000000	0.580000000000000	7.01000000000000	1.33000000000000	0.850000000000000	-0.0800000000000000	1372	1715.65000000000	4
163.600000000000	14	14.6400000000000	13.3300000000000	2.28000000000000	0.820000000000000	0.720000000000000	7.60000000000000	1.61000000000000	0.770000000000000	0.120000000000000	672	1219.79000000000	2.69000000000000	3267	1.38000000000000	175.080000000000	2.73000000000000	2.94000000000000	202.060000000000	159.570000000000	163.600000000000	14	14.6400000000000	13.3300000000000	2.28000000000000	0.820000000000000	0.720000000000000	7.60000000000000	1.61000000000000	0.770000000000000	0.120000000000000	672	1219.79000000000	2.69000000000000	3267	1.38000000000000	175.080000000000	2.73000000000000	2.94000000000000	202.060000000000	159.570000000000	163.600000000000	14	14.6400000000000	13.3300000000000	2.28000000000000	0.820000000000000	0.720000000000000	7.60000000000000	1.61000000000000	0.770000000000000	0.120000000000000	672	1219.79000000000	5
250.680000000000	9.91000000000000	6.40000000000000	7.87000000000000	1.42000000000000	0.630000000000000	0.900000000000000	6.72000000000000	2.23000000000000	0.310000000000000	-0.0500000000000000	184	2097.55000000000	1.31000000000000	1176	0.640000000000000	242.740000000000	1.16000000000000	1.34000000000000	226.090000000000	251.440000000000	250.680000000000	9.91000000000000	6.40000000000000	7.87000000000000	1.42000000000000	0.630000000000000	0.900000000000000	6.72000000000000	2.23000000000000	0.310000000000000	-0.0500000000000000	184	2097.55000000000	1.31000000000000	1176	0.640000000000000	242.740000000000	1.16000000000000	1.34000000000000	226.090000000000	251.440000000000	250.680000000000	9.91000000000000	6.40000000000000	7.87000000000000	1.42000000000000	0.630000000000000	0.900000000000000	6.72000000000000	2.23000000000000	0.310000000000000	-0.0500000000000000	184	2097.55000000000	2
167.120000000000	14.5600000000000	16.3400000000000	13.4400000000000	1	0.750000000000000	0.690000000000000	7.37000000000000	1.86000000000000	0.350000000000000	-0.100000000000000	324	1304.94000000000	1.80000000000000	1943	1.57000000000000	180.470000000000	2.11000000000000	1.84000000000000	167.680000000000	206.610000000000	167.120000000000	14.5600000000000	16.3400000000000	13.4400000000000	1	0.750000000000000	0.690000000000000	7.37000000000000	1.86000000000000	0.350000000000000	-0.100000000000000	324	1304.94000000000	1.80000000000000	1943	1.57000000000000	180.470000000000	2.11000000000000	1.84000000000000	167.680000000000	206.610000000000	167.120000000000	14.5600000000000	16.3400000000000	13.4400000000000	1	0.750000000000000	0.690000000000000	7.37000000000000	1.86000000000000	0.350000000000000	-0.100000000000000	324	1304.94000000000	2
199.770000000000	16.5500000000000	17.5700000000000	17.6000000000000	2	0.810000000000000	0.750000000000000	7.45000000000000	1.68000000000000	0.790000000000000	-0.0700000000000000	240	1219.33000000000	1.46000000000000	1005	0.990000000000000	180.890000000000	1.67000000000000	1.56000000000000	164.190000000000	187.430000000000	191.060000000000	27.9900000000000	32.4300000000000	32.8500000000000	2	0.920000000000000	0.770000000000000	7.67000000000000	1.73000000000000	0.760000000000000	-0.0700000000000000	198	580.710000000000	1.46000000000000	1005	0.990000000000000	180.890000000000	1.67000000000000	1.56000000000000	164.190000000000	187.430000000000	191.060000000000	27.9900000000000	32.4300000000000	32.8500000000000	2	0.920000000000000	0.770000000000000	7.67000000000000	1.73000000000000	0.760000000000000	-0.0700000000000000	198	580.710000000000	2
90.2700000000000	13.3100000000000	14.3000000000000	14.5000000000000	1.82000000000000	0.770000000000000	0.890000000000000	7.41000000000000	2.14000000000000	0.590000000000000	-0.150000000000000	814	1261.95000000000	1.84000000000000	10272	0.620000000000000	80.3900000000000	1.36000000000000	1.93000000000000	64.3900000000000	86.1900000000000	90.6000000000000	14.4300000000000	15.6600000000000	15.7900000000000	1.82000000000000	0.770000000000000	0.890000000000000	7.42000000000000	2.14000000000000	0.590000000000000	-0.140000000000000	784	1120.95000000000	1.84000000000000	10272	0.620000000000000	80.3900000000000	1.36000000000000	1.93000000000000	64.3900000000000	86.1900000000000	90.6000000000000	14.4300000000000	15.6600000000000	15.7900000000000	1.82000000000000	0.770000000000000	0.890000000000000	7.42000000000000	2.14000000000000	0.590000000000000	-0.140000000000000	784	1120.95000000000	1
55.2400000000000	26.4100000000000	18.5800000000000	18.2700000000000	2.30000000000000	0.800000000000000	0.650000000000000	7.53000000000000	1.49000000000000	0.790000000000000	0.200000000000000	160	1540.04000000000	1.57000000000000	529	1.18000000000000	58.2500000000000	2.17000000000000	1.74000000000000	71.9100000000000	47.6000000000000	55.2400000000000	26.4100000000000	18.5800000000000	18.2700000000000	2.30000000000000	0.800000000000000	0.650000000000000	7.53000000000000	1.49000000000000	0.790000000000000	0.200000000000000	160	1540.04000000000	1.57000000000000	529	1.18000000000000	58.2500000000000	2.17000000000000	1.74000000000000	71.9100000000000	47.6000000000000	55.2400000000000	26.4100000000000	18.5800000000000	18.2700000000000	2.30000000000000	0.800000000000000	0.650000000000000	7.53000000000000	1.49000000000000	0.790000000000000	0.200000000000000	160	1540.04000000000	7
225.490000000000	10.0600000000000	5.55000000000000	11.0800000000000	6.27000000000000	0.630000000000000	0.710000000000000	7.08000000000000	0.970000000000000	0.980000000000000	-0.0700000000000000	634	2197.01000000000	1.78000000000000	4982	1.33000000000000	230.790000000000	2.14000000000000	2.42000000000000	217.760000000000	249.890000000000	224.720000000000	11.3300000000000	11.7700000000000	12.0800000000000	5.19000000000000	0.680000000000000	0.650000000000000	7.16000000000000	1.01000000000000	0.980000000000000	-0.0700000000000000	682	1965.50000000000	1.78000000000000	4982	1.33000000000000	230.790000000000	2.14000000000000	2.42000000000000	217.760000000000	249.890000000000	224.720000000000	11.3300000000000	11.7700000000000	12.0800000000000	5.19000000000000	0.680000000000000	0.650000000000000	7.16000000000000	1.01000000000000	0.980000000000000	-0.0700000000000000	682	1965.50000000000	2
125.050000000000	21.6700000000000	18.4700000000000	16.8000000000000	1.44000000000000	0.830000000000000	0.710000000000000	7.90000000000000	1.84000000000000	0.320000000000000	0.330000000000000	632	1024.24000000000	2.87000000000000	2870	1.63000000000000	147.970000000000	2.32000000000000	2.95000000000000	211.330000000000	107.530000000000	125.050000000000	21.6700000000000	18.4700000000000	16.8000000000000	1.44000000000000	0.830000000000000	0.710000000000000	7.90000000000000	1.84000000000000	0.320000000000000	0.330000000000000	632	1024.24000000000	2.87000000000000	2870	1.63000000000000	147.970000000000	2.32000000000000	2.95000000000000	211.330000000000	107.530000000000	125.050000000000	21.6700000000000	18.4700000000000	16.8000000000000	1.44000000000000	0.830000000000000	0.710000000000000	7.90000000000000	1.84000000000000	0.320000000000000	0.330000000000000	632	1024.24000000000	5
103.290000000000	44.5100000000000	32.6700000000000	32.6900000000000	1.57000000000000	0.900000000000000	0.470000000000000	9.19000000000000	1.58000000000000	0.200000000000000	0.310000000000000	1166	703.660000000000	4.19000000000000	4526	2	123.100000000000	3.39000000000000	4.33000000000000	174.150000000000	91.8600000000000	103.290000000000	44.5100000000000	32.6700000000000	32.6900000000000	1.57000000000000	0.900000000000000	0.470000000000000	9.19000000000000	1.58000000000000	0.200000000000000	0.310000000000000	1166	703.660000000000	4.19000000000000	4526	2	123.100000000000	3.39000000000000	4.33000000000000	174.150000000000	91.8600000000000	103.290000000000	44.5100000000000	32.6700000000000	32.6900000000000	1.57000000000000	0.900000000000000	0.470000000000000	9.19000000000000	1.58000000000000	0.200000000000000	0.310000000000000	1166	703.660000000000	9
214.440000000000	15.4000000000000	13.8300000000000	13	1.36000000000000	0.790000000000000	0.360000000000000	7.59000000000000	1.23000000000000	0.690000000000000	-0.100000000000000	746	1368.25000000000	3.60000000000000	9515	1.70000000000000	218.910000000000	1.97000000000000	3.62000000000000	199.030000000000	235.800000000000	221.900000000000	16.2100000000000	17.7700000000000	16.2400000000000	1.04000000000000	0.830000000000000	0.700000000000000	7.72000000000000	1.93000000000000	0.220000000000000	-0.0800000000000000	1412	1113.43000000000	3.60000000000000	9515	1.70000000000000	218.910000000000	1.97000000000000	3.62000000000000	199.030000000000	235.800000000000	221.900000000000	16.2100000000000	17.7700000000000	16.2400000000000	1.04000000000000	0.830000000000000	0.700000000000000	7.72000000000000	1.93000000000000	0.220000000000000	-0.0800000000000000	1412	1113.43000000000	2
80.4100000000000	19.2200000000000	16.3700000000000	16.1600000000000	1.35000000000000	0.730000000000000	0.540000000000000	7.58000000000000	1.57000000000000	0.610000000000000	-0.100000000000000	1644	1445.97000000000	4.82000000000000	8236	1.91000000000000	68.8000000000000	2.21000000000000	4.91000000000000	58.6000000000000	71.1700000000000	76.6300000000000	19.9300000000000	18.8400000000000	18.8200000000000	1.35000000000000	0.780000000000000	0.580000000000000	7.73000000000000	1.64000000000000	0.560000000000000	-0.100000000000000	1782	1286.18000000000	4.82000000000000	8236	1.91000000000000	68.8000000000000	2.21000000000000	4.91000000000000	58.6000000000000	71.1700000000000	76.6300000000000	19.9300000000000	18.8400000000000	18.8200000000000	1.35000000000000	0.780000000000000	0.580000000000000	7.73000000000000	1.64000000000000	0.560000000000000	-0.100000000000000	1782	1286.18000000000	1
244.440000000000	10.2800000000000	9.89000000000000	9.77000000000000	1.48000000000000	0.700000000000000	0.310000000000000	7.07000000000000	1.10000000000000	0.190000000000000	-0.0900000000000000	2528	1765.89000000000	5.16000000000000	14351	3.18000000000000	230.920000000000	7.05000000000000	5.28000000000000	204.170000000000	244.150000000000	244.440000000000	10.2800000000000	9.89000000000000	9.77000000000000	1.48000000000000	0.700000000000000	0.310000000000000	7.07000000000000	1.10000000000000	0.190000000000000	-0.0900000000000000	2528	1765.89000000000	5.16000000000000	14351	3.18000000000000	230.920000000000	7.05000000000000	5.28000000000000	204.170000000000	244.150000000000	244.440000000000	10.2800000000000	9.89000000000000	9.77000000000000	1.48000000000000	0.700000000000000	0.310000000000000	7.07000000000000	1.10000000000000	0.190000000000000	-0.0900000000000000	2528	1765.89000000000	9
104.630000000000	24.6000000000000	15.9200000000000	16.5400000000000	2.26000000000000	0.900000000000000	0.810000000000000	8.36000000000000	1.84000000000000	0.730000000000000	0.330000000000000	474	752.330000000000	2.35000000000000	2119	1.23000000000000	124.270000000000	1.88000000000000	2.57000000000000	178.740000000000	89.4500000000000	104.630000000000	24.6000000000000	15.9200000000000	16.5400000000000	2.26000000000000	0.900000000000000	0.810000000000000	8.36000000000000	1.84000000000000	0.730000000000000	0.330000000000000	474	752.330000000000	2.35000000000000	2119	1.23000000000000	124.270000000000	1.88000000000000	2.57000000000000	178.740000000000	89.4500000000000	104.630000000000	24.6000000000000	15.9200000000000	16.5400000000000	2.26000000000000	0.900000000000000	0.810000000000000	8.36000000000000	1.84000000000000	0.730000000000000	0.330000000000000	474	752.330000000000	9
251.510000000000	9.22000000000000	5.56000000000000	5.26000000000000	1.66000000000000	0.740000000000000	0.440000000000000	7.03000000000000	1.27000000000000	0.600000000000000	-0.0700000000000000	1784	1692.85000000000	3.95000000000000	11871	2.67000000000000	240.500000000000	4.75000000000000	4.09000000000000	218.750000000000	251.240000000000	251.510000000000	9.22000000000000	5.56000000000000	5.26000000000000	1.66000000000000	0.740000000000000	0.440000000000000	7.03000000000000	1.27000000000000	0.600000000000000	-0.0700000000000000	1784	1692.85000000000	3.95000000000000	11871	2.67000000000000	240.500000000000	4.75000000000000	4.09000000000000	218.750000000000	251.240000000000	251.510000000000	9.22000000000000	5.56000000000000	5.26000000000000	1.66000000000000	0.740000000000000	0.440000000000000	7.03000000000000	1.27000000000000	0.600000000000000	-0.0700000000000000	1784	1692.85000000000	4
247.300000000000	12.3100000000000	11.8700000000000	11.2100000000000	1.88000000000000	0.740000000000000	0.580000000000000	7.51000000000000	1.50000000000000	0.780000000000000	-0.0600000000000000	1752	1703.74000000000	4.10000000000000	9413	1.98000000000000	236.670000000000	4.54000000000000	4.31000000000000	219.420000000000	245.010000000000	245.570000000000	14.1900000000000	16.0200000000000	15.5500000000000	1.87000000000000	0.750000000000000	0.570000000000000	7.57000000000000	1.49000000000000	0.800000000000000	-0.0600000000000000	1672	1391.66000000000	4.10000000000000	9413	1.98000000000000	236.670000000000	4.54000000000000	4.31000000000000	219.420000000000	245.010000000000	245.570000000000	14.1900000000000	16.0200000000000	15.5500000000000	1.87000000000000	0.750000000000000	0.570000000000000	7.57000000000000	1.49000000000000	0.800000000000000	-0.0600000000000000	1672	1391.66000000000	8
96.7600000000000	28.1800000000000	16.6800000000000	17.2100000000000	1.66000000000000	0.930000000000000	0.890000000000000	8.08000000000000	2.04000000000000	0.500000000000000	0.310000000000000	192	505.470000000000	1.52000000000000	889	0.910000000000000	116.570000000000	1.57000000000000	1.61000000000000	166.100000000000	86.8500000000000	96.7600000000000	28.1800000000000	16.6800000000000	17.2100000000000	1.66000000000000	0.930000000000000	0.890000000000000	8.08000000000000	2.04000000000000	0.500000000000000	0.310000000000000	192	505.470000000000	1.52000000000000	889	0.910000000000000	116.570000000000	1.57000000000000	1.61000000000000	166.100000000000	86.8500000000000	96.7600000000000	28.1800000000000	16.6800000000000	17.2100000000000	1.66000000000000	0.930000000000000	0.890000000000000	8.08000000000000	2.04000000000000	0.500000000000000	0.310000000000000	192	505.470000000000	9
193.510000000000	9.77000000000000	11.8600000000000	10.5400000000000	2.47000000000000	0.700000000000000	0.810000000000000	6.93000000000000	1.67000000000000	0.820000000000000	-0.110000000000000	208	1983.95000000000	1.42000000000000	1074	1.05000000000000	187.130000000000	1.63000000000000	1.59000000000000	163.410000000000	204.470000000000	193.510000000000	9.77000000000000	11.8600000000000	10.5400000000000	2.47000000000000	0.700000000000000	0.810000000000000	6.93000000000000	1.67000000000000	0.820000000000000	-0.110000000000000	208	1983.95000000000	1.42000000000000	1074	1.05000000000000	187.130000000000	1.63000000000000	1.59000000000000	163.410000000000	204.470000000000	193.510000000000	9.77000000000000	11.8600000000000	10.5400000000000	2.47000000000000	0.700000000000000	0.810000000000000	6.93000000000000	1.67000000000000	0.820000000000000	-0.110000000000000	208	1983.95000000000	2
250.740000000000	11.8100000000000	11.2800000000000	11.4500000000000	2.25000000000000	0.600000000000000	0.940000000000000	6.72000000000000	2.01000000000000	0.690000000000000	-0.110000000000000	598	1310.56000000000	1.48000000000000	5878	0.490000000000000	232.680000000000	1.16000000000000	1.61000000000000	200.280000000000	248.850000000000	248.900000000000	17.8300000000000	18.6500000000000	18.6200000000000	2.22000000000000	0.680000000000000	0.960000000000000	6.80000000000000	2.04000000000000	0.680000000000000	-0.110000000000000	494	819.630000000000	1.48000000000000	5878	0.490000000000000	232.680000000000	1.16000000000000	1.61000000000000	200.280000000000	248.850000000000	248.900000000000	17.8300000000000	18.6500000000000	18.6200000000000	2.22000000000000	0.680000000000000	0.960000000000000	6.80000000000000	2.04000000000000	0.680000000000000	-0.110000000000000	494	819.630000000000	2
218.080000000000	8.64000000000000	8.30000000000000	7.78000000000000	2.49000000000000	0.640000000000000	0.950000000000000	6.76000000000000	1.97000000000000	0.680000000000000	-0.110000000000000	294	2110.05000000000	1.36000000000000	2713	0.690000000000000	211.440000000000	1.29000000000000	1.56000000000000	189.140000000000	229.790000000000	215.380000000000	11.4000000000000	18.5100000000000	13.8600000000000	2.86000000000000	0.740000000000000	0.900000000000000	6.91000000000000	1.91000000000000	0.730000000000000	-0.100000000000000	326	1508.99000000000	1.36000000000000	2713	0.690000000000000	211.440000000000	1.29000000000000	1.56000000000000	189.140000000000	229.790000000000	215.380000000000	11.4000000000000	18.5100000000000	13.8600000000000	2.86000000000000	0.740000000000000	0.900000000000000	6.91000000000000	1.91000000000000	0.730000000000000	-0.100000000000000	326	1508.99000000000	2
148.500000000000	17.3700000000000	19.5000000000000	18.6100000000000	1.19000000000000	0.790000000000000	0.710000000000000	7.90000000000000	1.97000000000000	0.300000000000000	0.0600000000000000	1162	1183.25000000000	2.79000000000000	10088	1.02000000000000	150.610000000000	1.90000000000000	2.81000000000000	166.540000000000	141.900000000000	143.380000000000	19.0800000000000	22.3000000000000	20.3200000000000	1.17000000000000	0.830000000000000	0.750000000000000	8.06000000000000	2.12000000000000	0.0800000000000000	0.0800000000000000	1128	1037.48000000000	2.79000000000000	10088	1.02000000000000	150.610000000000	1.90000000000000	2.81000000000000	166.540000000000	141.900000000000	143.380000000000	19.0800000000000	22.3000000000000	20.3200000000000	1.17000000000000	0.830000000000000	0.750000000000000	8.06000000000000	2.12000000000000	0.0800000000000000	0.0800000000000000	1128	1037.48000000000	5
133.780000000000	10.8600000000000	11.1000000000000	10.8500000000000	1.20000000000000	0.760000000000000	0.710000000000000	7.39000000000000	1.97000000000000	0.300000000000000	0.0700000000000000	1460	1634.55000000000	5.70000000000000	10556	1.85000000000000	141.590000000000	3.03000000000000	6.16000000000000	156.180000000000	134.090000000000	134.490000000000	13.2700000000000	13.1500000000000	12.5500000000000	2.15000000000000	0.760000000000000	0.660000000000000	7.59000000000000	1.58000000000000	0.610000000000000	0.0800000000000000	2530	1437.79000000000	5.70000000000000	10556	1.85000000000000	141.590000000000	3.03000000000000	6.16000000000000	156.180000000000	134.090000000000	134.490000000000	13.2700000000000	13.1500000000000	12.5500000000000	2.15000000000000	0.760000000000000	0.660000000000000	7.59000000000000	1.58000000000000	0.610000000000000	0.0800000000000000	2530	1437.79000000000	5
57.2800000000000	29.0400000000000	22.1400000000000	21.2000000000000	1.02000000000000	0.910000000000000	0.890000000000000	7.96000000000000	2.31000000000000	0.0700000000000000	0.140000000000000	242	615.740000000000	1.49000000000000	1616	0.490000000000000	58.6800000000000	1.34000000000000	1.50000000000000	67.5800000000000	51.1800000000000	57.2800000000000	29.0400000000000	22.1400000000000	21.2000000000000	1.02000000000000	0.910000000000000	0.890000000000000	7.96000000000000	2.31000000000000	0.0700000000000000	0.140000000000000	242	615.740000000000	1.49000000000000	1616	0.490000000000000	58.6800000000000	1.34000000000000	1.50000000000000	67.5800000000000	51.1800000000000	57.2800000000000	29.0400000000000	22.1400000000000	21.2000000000000	1.02000000000000	0.910000000000000	0.890000000000000	7.96000000000000	2.31000000000000	0.0700000000000000	0.140000000000000	242	615.740000000000	7
226.840000000000	12.6300000000000	19.5200000000000	20.5900000000000	1.81000000000000	0.750000000000000	0.720000000000000	7.40000000000000	1.69000000000000	0.720000000000000	-0.0200000000000000	460	1713.33000000000	3.87000000000000	7472	1.62000000000000	206.680000000000	2.35000000000000	4.14000000000000	205.860000000000	207.890000000000	206.280000000000	18.0700000000000	25.5900000000000	25.7600000000000	2.03000000000000	0.790000000000000	0.600000000000000	8.25000000000000	1.64000000000000	0.650000000000000	0	1432	1453.96000000000	3.87000000000000	7472	1.62000000000000	206.680000000000	2.35000000000000	4.14000000000000	205.860000000000	207.890000000000	206.280000000000	18.0700000000000	25.5900000000000	25.7600000000000	2.03000000000000	0.790000000000000	0.600000000000000	8.25000000000000	1.64000000000000	0.650000000000000	0	1432	1453.96000000000	8
201.740000000000	18.0900000000000	24.5100000000000	24.5500000000000	2.17000000000000	0.770000000000000	0.660000000000000	8.30000000000000	1.76000000000000	0.640000000000000	0	1300	1582.84000000000	3.87000000000000	7472	1.62000000000000	206.680000000000	2.35000000000000	4.14000000000000	205.860000000000	207.890000000000	206.280000000000	18.0700000000000	25.5900000000000	25.7600000000000	2.03000000000000	0.790000000000000	0.600000000000000	8.25000000000000	1.64000000000000	0.650000000000000	0	1432	1453.96000000000	3.87000000000000	7472	1.62000000000000	206.680000000000	2.35000000000000	4.14000000000000	205.860000000000	207.890000000000	206.280000000000	18.0700000000000	25.5900000000000	25.7600000000000	2.03000000000000	0.790000000000000	0.600000000000000	8.25000000000000	1.64000000000000	0.650000000000000	0	1432	1453.96000000000	8
78.7400000000000	49.1100000000000	28.2600000000000	31.7600000000000	2.56000000000000	0.920000000000000	0.530000000000000	8.93000000000000	1.50000000000000	0.610000000000000	0.150000000000000	1298	631.570000000000	4.06000000000000	5108	1.79000000000000	78.4400000000000	2.82000000000000	4.54000000000000	90.0300000000000	66.5600000000000	78.7400000000000	49.1100000000000	28.2600000000000	31.7600000000000	2.56000000000000	0.920000000000000	0.530000000000000	8.93000000000000	1.50000000000000	0.610000000000000	0.150000000000000	1298	631.570000000000	4.06000000000000	5108	1.79000000000000	78.4400000000000	2.82000000000000	4.54000000000000	90.0300000000000	66.5600000000000	78.7400000000000	49.1100000000000	28.2600000000000	31.7600000000000	2.56000000000000	0.920000000000000	0.530000000000000	8.93000000000000	1.50000000000000	0.610000000000000	0.150000000000000	1298	631.570000000000	7
114.370000000000	30.1300000000000	23.1600000000000	24.2100000000000	1.96000000000000	0.860000000000000	0.670000000000000	8.59000000000000	1.57000000000000	0.760000000000000	0.230000000000000	518	997.780000000000	3.57000000000000	2330	1.82000000000000	133.780000000000	2.71000000000000	3.66000000000000	167.630000000000	111.890000000000	121.830000000000	44.2600000000000	39.4500000000000	36.7200000000000	1.46000000000000	0.910000000000000	0.570000000000000	8.86000000000000	1.71000000000000	0.290000000000000	0.200000000000000	706	639.620000000000	3.57000000000000	2330	1.82000000000000	133.780000000000	2.71000000000000	3.66000000000000	167.630000000000	111.890000000000	121.830000000000	44.2600000000000	39.4500000000000	36.7200000000000	1.46000000000000	0.910000000000000	0.570000000000000	8.86000000000000	1.71000000000000	0.290000000000000	0.200000000000000	706	639.620000000000	9
184.350000000000	43.8300000000000	46.0500000000000	44.4300000000000	1.10000000000000	0.800000000000000	0.430000000000000	8.91000000000000	1.42000000000000	0.260000000000000	-0.0700000000000000	766	1454.74000000000	4.72000000000000	4741	1.51000000000000	162.900000000000	3.45000000000000	4.80000000000000	149.990000000000	167.380000000000	171.330000000000	42.8600000000000	44.6600000000000	42.6000000000000	1.30000000000000	0.840000000000000	0.630000000000000	9.34000000000000	1.78000000000000	0.440000000000000	-0.0500000000000000	1322	1112.48000000000	4.72000000000000	4741	1.51000000000000	162.900000000000	3.45000000000000	4.80000000000000	149.990000000000	167.380000000000	171.330000000000	42.8600000000000	44.6600000000000	42.6000000000000	1.30000000000000	0.840000000000000	0.630000000000000	9.34000000000000	1.78000000000000	0.440000000000000	-0.0500000000000000	1322	1112.48000000000	3
231.880000000000	41.7200000000000	43.1000000000000	37.4100000000000	2.03000000000000	0.600000000000000	0.920000000000000	6.76000000000000	1.84000000000000	0.630000000000000	-0.0300000000000000	58	2846.30000000000	1.12000000000000	136	0.220000000000000	222.810000000000	1.36000000000000	1.24000000000000	210.970000000000	225.570000000000	231.880000000000	41.7200000000000	43.1000000000000	37.4100000000000	2.03000000000000	0.600000000000000	0.920000000000000	6.76000000000000	1.84000000000000	0.630000000000000	-0.0300000000000000	58	2846.30000000000	1.12000000000000	136	0.220000000000000	222.810000000000	1.36000000000000	1.24000000000000	210.970000000000	225.570000000000	231.880000000000	41.7200000000000	43.1000000000000	37.4100000000000	2.03000000000000	0.600000000000000	0.920000000000000	6.76000000000000	1.84000000000000	0.630000000000000	-0.0300000000000000	58	2846.30000000000	3
71.0300000000000	23.3500000000000	23.8200000000000	22.9900000000000	4.50000000000000	0.780000000000000	0.670000000000000	7.55000000000000	1.11000000000000	0.950000000000000	0.0200000000000000	222	1618.99000000000	1.50000000000000	783	1.44000000000000	67.9800000000000	1.90000000000000	1.98000000000000	67.4700000000000	65.4500000000000	71.0300000000000	23.3500000000000	23.8200000000000	22.9900000000000	4.50000000000000	0.780000000000000	0.670000000000000	7.55000000000000	1.11000000000000	0.950000000000000	0.0200000000000000	222	1618.99000000000	1.50000000000000	783	1.44000000000000	67.9800000000000	1.90000000000000	1.98000000000000	67.4700000000000	65.4500000000000	71.0300000000000	23.3500000000000	23.8200000000000	22.9900000000000	4.50000000000000	0.780000000000000	0.670000000000000	7.55000000000000	1.11000000000000	0.950000000000000	0.0200000000000000	222	1618.99000000000	1
221.810000000000	36.6900000000000	45.4200000000000	41.0900000000000	1.78000000000000	0.860000000000000	0.870000000000000	7.76000000000000	2.03000000000000	0.590000000000000	-0.270000000000000	140	1059.53000000000	1.35000000000000	609	0.450000000000000	164.200000000000	1.55000000000000	1.42000000000000	99.2200000000000	171.570000000000	221.810000000000	36.6900000000000	45.4200000000000	41.0900000000000	1.78000000000000	0.860000000000000	0.870000000000000	7.76000000000000	2.03000000000000	0.590000000000000	-0.270000000000000	140	1059.53000000000	1.35000000000000	609	0.450000000000000	164.200000000000	1.55000000000000	1.42000000000000	99.2200000000000	171.570000000000	221.810000000000	36.6900000000000	45.4200000000000	41.0900000000000	1.78000000000000	0.860000000000000	0.870000000000000	7.76000000000000	2.03000000000000	0.590000000000000	-0.270000000000000	140	1059.53000000000	6
252.630000000000	7.41000000000000	3.54000000000000	3.56000000000000	1.70000000000000	0.520000000000000	0.840000000000000	6.53000000000000	2.03000000000000	0.610000000000000	-0.0900000000000000	244	2511.18000000000	1.30000000000000	2391	0.460000000000000	226.960000000000	1.56000000000000	1.30000000000000	202.650000000000	237.780000000000	240.450000000000	22.0200000000000	27.4900000000000	25.9300000000000	1	0.830000000000000	0.870000000000000	7.46000000000000	2.32000000000000	0.180000000000000	-0.0800000000000000	254	638.020000000000	1.30000000000000	2391	0.460000000000000	226.960000000000	1.56000000000000	1.30000000000000	202.650000000000	237.780000000000	240.450000000000	22.0200000000000	27.4900000000000	25.9300000000000	1	0.830000000000000	0.870000000000000	7.46000000000000	2.32000000000000	0.180000000000000	-0.0800000000000000	254	638.020000000000	2
102.240000000000	22.9900000000000	18.0800000000000	17.8300000000000	1.19000000000000	0.840000000000000	0.460000000000000	8.45000000000000	1.63000000000000	0.260000000000000	0.340000000000000	972	1121.07000000000	4.12000000000000	3416	1.92000000000000	123.110000000000	2.57000000000000	4.16000000000000	179.210000000000	87.8900000000000	102.240000000000	22.9900000000000	18.0800000000000	17.8300000000000	1.19000000000000	0.840000000000000	0.460000000000000	8.45000000000000	1.63000000000000	0.260000000000000	0.340000000000000	972	1121.07000000000	4.12000000000000	3416	1.92000000000000	123.110000000000	2.57000000000000	4.16000000000000	179.210000000000	87.8900000000000	102.240000000000	22.9900000000000	18.0800000000000	17.8300000000000	1.19000000000000	0.840000000000000	0.460000000000000	8.45000000000000	1.63000000000000	0.260000000000000	0.340000000000000	972	1121.07000000000	9
135.080000000000	22.6000000000000	22.9100000000000	20.8900000000000	1.18000000000000	0.840000000000000	0.750000000000000	8.23000000000000	2	0.470000000000000	0.140000000000000	480	1191.05000000000	2.47000000000000	2295	1.61000000000000	146.170000000000	1.97000000000000	2.50000000000000	173.580000000000	129.850000000000	135.080000000000	22.6000000000000	22.9100000000000	20.8900000000000	1.18000000000000	0.840000000000000	0.750000000000000	8.23000000000000	2	0.470000000000000	0.140000000000000	480	1191.05000000000	2.47000000000000	2295	1.61000000000000	146.170000000000	1.97000000000000	2.50000000000000	173.580000000000	129.850000000000	135.080000000000	22.6000000000000	22.9100000000000	20.8900000000000	1.18000000000000	0.840000000000000	0.750000000000000	8.23000000000000	2	0.470000000000000	0.140000000000000	480	1191.05000000000	5
168.520000000000	17	21.0700000000000	19.9400000000000	1.57000000000000	0.820000000000000	0.700000000000000	7.95000000000000	1.91000000000000	0.540000000000000	0.0600000000000000	1512	1152.62000000000	4.08000000000000	7554	1.33000000000000	177.370000000000	2.22000000000000	4.22000000000000	190.100000000000	171.190000000000	170.820000000000	17.1100000000000	22.9200000000000	21.4200000000000	1.60000000000000	0.830000000000000	0.720000000000000	7.98000000000000	1.91000000000000	0.570000000000000	0.0500000000000000	1468	1126.19000000000	4.08000000000000	7554	1.33000000000000	177.370000000000	2.22000000000000	4.22000000000000	190.100000000000	171.190000000000	170.820000000000	17.1100000000000	22.9200000000000	21.4200000000000	1.60000000000000	0.830000000000000	0.720000000000000	7.98000000000000	1.91000000000000	0.570000000000000	0.0500000000000000	1468	1126.19000000000	5
112.940000000000	34.1000000000000	40.3100000000000	38.3200000000000	6.09000000000000	0.810000000000000	0.700000000000000	8.77000000000000	1.02000000000000	0.970000000000000	-0.120000000000000	900	1268.04000000000	2.68000000000000	3398	1.47000000000000	102.890000000000	1.66000000000000	3.86000000000000	85.9900000000000	109.740000000000	112.940000000000	34.1000000000000	40.3100000000000	38.3200000000000	6.09000000000000	0.810000000000000	0.700000000000000	8.77000000000000	1.02000000000000	0.970000000000000	-0.120000000000000	900	1268.04000000000	2.68000000000000	3398	1.47000000000000	102.890000000000	1.66000000000000	3.86000000000000	85.9900000000000	109.740000000000	112.940000000000	34.1000000000000	40.3100000000000	38.3200000000000	6.09000000000000	0.810000000000000	0.700000000000000	8.77000000000000	1.02000000000000	0.970000000000000	-0.120000000000000	900	1268.04000000000	3
185.460000000000	55.0100000000000	46.8400000000000	47.1700000000000	1.75000000000000	0.920000000000000	0.360000000000000	8.50000000000000	1.23000000000000	0.680000000000000	0	666	582.270000000000	3.92000000000000	1638	2.06000000000000	176.930000000000	3.40000000000000	4.11000000000000	172.630000000000	172.700000000000	185.460000000000	55.0100000000000	46.8400000000000	47.1700000000000	1.75000000000000	0.920000000000000	0.360000000000000	8.50000000000000	1.23000000000000	0.680000000000000	0	666	582.270000000000	3.92000000000000	1638	2.06000000000000	176.930000000000	3.40000000000000	4.11000000000000	172.630000000000	172.700000000000	185.460000000000	55.0100000000000	46.8400000000000	47.1700000000000	1.75000000000000	0.920000000000000	0.360000000000000	8.50000000000000	1.23000000000000	0.680000000000000	0	666	582.270000000000	3
207.740000000000	32.6900000000000	47.0600000000000	51.6200000000000	1.61000000000000	0.750000000000000	0.860000000000000	7.50000000000000	1.97000000000000	0.540000000000000	-0.280000000000000	116	1992.63000000000	1.41000000000000	386	0.710000000000000	150.120000000000	1.35000000000000	1.48000000000000	86.9700000000000	155.640000000000	207.740000000000	32.6900000000000	47.0600000000000	51.6200000000000	1.61000000000000	0.750000000000000	0.860000000000000	7.50000000000000	1.97000000000000	0.540000000000000	-0.280000000000000	116	1992.63000000000	1.41000000000000	386	0.710000000000000	150.120000000000	1.35000000000000	1.48000000000000	86.9700000000000	155.640000000000	207.740000000000	32.6900000000000	47.0600000000000	51.6200000000000	1.61000000000000	0.750000000000000	0.860000000000000	7.50000000000000	1.97000000000000	0.540000000000000	-0.280000000000000	116	1992.63000000000	6
250.210000000000	16.7300000000000	10.0300000000000	8.71000000000000	2.50000000000000	0.540000000000000	0.890000000000000	6.52000000000000	1.60000000000000	0.770000000000000	-0.0600000000000000	70	3353.84000000000	3.97000000000000	5179	1.76000000000000	176.940000000000	2.07000000000000	4.27000000000000	187.810000000000	170.810000000000	172.220000000000	18.3800000000000	24.7900000000000	23.4800000000000	2.13000000000000	0.810000000000000	0.710000000000000	8.08000000000000	1.66000000000000	0.700000000000000	0.0500000000000000	1230	1272.87000000000	3.97000000000000	5179	1.76000000000000	176.940000000000	2.07000000000000	4.27000000000000	187.810000000000	170.810000000000	172.220000000000	18.3800000000000	24.7900000000000	23.4800000000000	2.13000000000000	0.810000000000000	0.710000000000000	8.08000000000000	1.66000000000000	0.700000000000000	0.0500000000000000	1230	1272.87000000000	3
200.030000000000	14.8800000000000	21.0700000000000	20.9600000000000	1.11000000000000	0.740000000000000	0.730000000000000	7.92000000000000	2.01000000000000	0.140000000000000	0	754	1765.36000000000	6	8687	1.79000000000000	195.610000000000	2.51000000000000	6.24000000000000	197.750000000000	195.140000000000	193.930000000000	15.2400000000000	20.9500000000000	21.0100000000000	1.72000000000000	0.750000000000000	0.660000000000000	8.02000000000000	1.69000000000000	0.650000000000000	0.0100000000000000	2328	1613.30000000000	6	8687	1.79000000000000	195.610000000000	2.51000000000000	6.24000000000000	197.750000000000	195.140000000000	193.930000000000	15.2400000000000	20.9500000000000	21.0100000000000	1.72000000000000	0.750000000000000	0.660000000000000	8.02000000000000	1.69000000000000	0.650000000000000	0.0100000000000000	2328	1613.30000000000	8
121.020000000000	15.9900000000000	12.1400000000000	12.9600000000000	1.68000000000000	0.740000000000000	0.710000000000000	7.36000000000000	1.66000000000000	0.710000000000000	0.310000000000000	190	1538.51000000000	1.44000000000000	998	1.57000000000000	140.470000000000	1.94000000000000	1.50000000000000	197.460000000000	102.910000000000	121.020000000000	15.9900000000000	12.1400000000000	12.9600000000000	1.68000000000000	0.740000000000000	0.710000000000000	7.36000000000000	1.66000000000000	0.710000000000000	0.310000000000000	190	1538.51000000000	1.44000000000000	998	1.57000000000000	140.470000000000	1.94000000000000	1.50000000000000	197.460000000000	102.910000000000	121.020000000000	15.9900000000000	12.1400000000000	12.9600000000000	1.68000000000000	0.740000000000000	0.710000000000000	7.36000000000000	1.66000000000000	0.710000000000000	0.310000000000000	190	1538.51000000000	5
248.630000000000	10.7300000000000	12.3300000000000	12.7700000000000	1.06000000000000	0.620000000000000	0.810000000000000	6.87000000000000	2.24000000000000	0.280000000000000	-0.100000000000000	240	2082.18000000000	1.36000000000000	1892	0.680000000000000	233.490000000000	1.57000000000000	1.38000000000000	203.340000000000	248.490000000000	248.630000000000	10.7300000000000	12.3300000000000	12.7700000000000	1.06000000000000	0.620000000000000	0.810000000000000	6.87000000000000	2.24000000000000	0.280000000000000	-0.100000000000000	240	2082.18000000000	1.36000000000000	1892	0.680000000000000	233.490000000000	1.57000000000000	1.38000000000000	203.340000000000	248.490000000000	248.630000000000	10.7300000000000	12.3300000000000	12.7700000000000	1.06000000000000	0.620000000000000	0.810000000000000	6.87000000000000	2.24000000000000	0.280000000000000	-0.100000000000000	240	2082.18000000000	2
243.130000000000	11.1300000000000	9.49000000000000	9.15000000000000	2.84000000000000	0.740000000000000	0.820000000000000	6.99000000000000	1.67000000000000	0.850000000000000	-0.0800000000000000	724	1356.71000000000	2.05000000000000	5970	1.06000000000000	230.110000000000	1.89000000000000	2.34000000000000	205.330000000000	241.870000000000	243.130000000000	11.1300000000000	9.49000000000000	9.15000000000000	2.84000000000000	0.740000000000000	0.820000000000000	6.99000000000000	1.67000000000000	0.850000000000000	-0.0800000000000000	724	1356.71000000000	2.05000000000000	5970	1.06000000000000	230.110000000000	1.89000000000000	2.34000000000000	205.330000000000	241.870000000000	243.130000000000	11.1300000000000	9.49000000000000	9.15000000000000	2.84000000000000	0.740000000000000	0.820000000000000	6.99000000000000	1.67000000000000	0.850000000000000	-0.0800000000000000	724	1356.71000000000	4
236.400000000000	8.80000000000000	11.9800000000000	12.7500000000000	1.02000000000000	0.620000000000000	0.690000000000000	7.02000000000000	1.91000000000000	0.450000000000000	-0.0400000000000000	366	2444.23000000000	2.41000000000000	1413	1.45000000000000	230.710000000000	2.34000000000000	2.43000000000000	218.890000000000	236.850000000000	236.400000000000	8.80000000000000	11.9800000000000	12.7500000000000	1.02000000000000	0.620000000000000	0.690000000000000	7.02000000000000	1.91000000000000	0.450000000000000	-0.0400000000000000	366	2444.23000000000	2.41000000000000	1413	1.45000000000000	230.710000000000	2.34000000000000	2.43000000000000	218.890000000000	236.850000000000	236.400000000000	8.80000000000000	11.9800000000000	12.7500000000000	1.02000000000000	0.620000000000000	0.690000000000000	7.02000000000000	1.91000000000000	0.450000000000000	-0.0400000000000000	366	2444.23000000000	8
200.440000000000	15.6500000000000	19.6300000000000	20.0300000000000	1.78000000000000	0.770000000000000	0.570000000000000	8.02000000000000	1.54000000000000	0.690000000000000	-0.0200000000000000	1588	1513.74000000000	6.41000000000000	9605	2.47000000000000	195.240000000000	4.66000000000000	6.64000000000000	192.520000000000	197.270000000000	195.920000000000	15.9400000000000	20.2100000000000	20.4700000000000	1.61000000000000	0.760000000000000	0.510000000000000	8.14000000000000	1.38000000000000	0.650000000000000	-0.0100000000000000	2602	1628.84000000000	6.41000000000000	9605	2.47000000000000	195.240000000000	4.66000000000000	6.64000000000000	192.520000000000	197.270000000000	195.920000000000	15.9400000000000	20.2100000000000	20.4700000000000	1.61000000000000	0.760000000000000	0.510000000000000	8.14000000000000	1.38000000000000	0.650000000000000	-0.0100000000000000	2602	1628.84000000000	8
243.890000000000	9.80000000000000	12.0500000000000	11.6400000000000	4.62000000000000	0.640000000000000	0.390000000000000	7.12000000000000	0.770000000000000	0.970000000000000	-0.0800000000000000	2180	2089.51000000000	3.60000000000000	13343	2.13000000000000	231.100000000000	4.42000000000000	4.72000000000000	205.640000000000	243.770000000000	243.890000000000	9.80000000000000	12.0500000000000	11.6400000000000	4.62000000000000	0.640000000000000	0.390000000000000	7.12000000000000	0.770000000000000	0.970000000000000	-0.0800000000000000	2180	2089.51000000000	3.60000000000000	13343	2.13000000000000	231.100000000000	4.42000000000000	4.72000000000000	205.640000000000	243.770000000000	243.890000000000	9.80000000000000	12.0500000000000	11.6400000000000	4.62000000000000	0.640000000000000	0.390000000000000	7.12000000000000	0.770000000000000	0.970000000000000	-0.0800000000000000	2180	2089.51000000000	4
159.140000000000	8.87000000000000	8.29000000000000	8.45000000000000	1.20000000000000	0.540000000000000	0.870000000000000	6.70000000000000	2.20000000000000	0.410000000000000	-0.120000000000000	238	2345.76000000000	1.51000000000000	1514	0.620000000000000	145.980000000000	1.61000000000000	1.53000000000000	122.620000000000	156.170000000000	159.140000000000	8.87000000000000	8.29000000000000	8.45000000000000	1.20000000000000	0.540000000000000	0.870000000000000	6.70000000000000	2.20000000000000	0.410000000000000	-0.120000000000000	238	2345.76000000000	1.51000000000000	1514	0.620000000000000	145.980000000000	1.61000000000000	1.53000000000000	122.620000000000	156.170000000000	159.140000000000	8.87000000000000	8.29000000000000	8.45000000000000	1.20000000000000	0.540000000000000	0.870000000000000	6.70000000000000	2.20000000000000	0.410000000000000	-0.120000000000000	238	2345.76000000000	2
80.4200000000000	40.1600000000000	32.8000000000000	36.0500000000000	1.35000000000000	0.880000000000000	0.360000000000000	8.91000000000000	1.45000000000000	0.330000000000000	0.130000000000000	866	931.620000000000	4.08000000000000	2725	1.92000000000000	80.4500000000000	3.02000000000000	4.15000000000000	90.5400000000000	70.3900000000000	80.4200000000000	40.1600000000000	32.8000000000000	36.0500000000000	1.35000000000000	0.880000000000000	0.360000000000000	8.91000000000000	1.45000000000000	0.330000000000000	0.130000000000000	866	931.620000000000	4.08000000000000	2725	1.92000000000000	80.4500000000000	3.02000000000000	4.15000000000000	90.5400000000000	70.3900000000000	80.4200000000000	40.1600000000000	32.8000000000000	36.0500000000000	1.35000000000000	0.880000000000000	0.360000000000000	8.91000000000000	1.45000000000000	0.330000000000000	0.130000000000000	866	931.620000000000	6
206.480000000000	54.8300000000000	53.0300000000000	46.8200000000000	1.44000000000000	0.920000000000000	0.790000000000000	8.14000000000000	2.01000000000000	0.460000000000000	-0.0900000000000000	242	539.150000000000	1.98000000000000	865	1.09000000000000	188.190000000000	1.70000000000000	2.06000000000000	163.800000000000	194.280000000000	206.480000000000	54.8300000000000	53.0300000000000	46.8200000000000	1.44000000000000	0.920000000000000	0.790000000000000	8.14000000000000	2.01000000000000	0.460000000000000	-0.0900000000000000	242	539.150000000000	1.98000000000000	865	1.09000000000000	188.190000000000	1.70000000000000	2.06000000000000	163.800000000000	194.280000000000	206.480000000000	54.8300000000000	53.0300000000000	46.8200000000000	1.44000000000000	0.920000000000000	0.790000000000000	8.14000000000000	2.01000000000000	0.460000000000000	-0.0900000000000000	242	539.150000000000	6
209.120000000000	25.4700000000000	24.3600000000000	29.0100000000000	1.89000000000000	0.760000000000000	0.860000000000000	7.40000000000000	1.90000000000000	0.620000000000000	-0.280000000000000	120	1858.15000000000	1.40000000000000	390	0.600000000000000	151.860000000000	1.57000000000000	1.52000000000000	88.1400000000000	158.320000000000	209.120000000000	25.4700000000000	24.3600000000000	29.0100000000000	1.89000000000000	0.760000000000000	0.860000000000000	7.40000000000000	1.90000000000000	0.620000000000000	-0.280000000000000	120	1858.15000000000	1.40000000000000	390	0.600000000000000	151.860000000000	1.57000000000000	1.52000000000000	88.1400000000000	158.320000000000	209.120000000000	25.4700000000000	24.3600000000000	29.0100000000000	1.89000000000000	0.760000000000000	0.860000000000000	7.40000000000000	1.90000000000000	0.620000000000000	-0.280000000000000	120	1858.15000000000	6
64.0300000000000	32.8100000000000	27.1800000000000	26.9200000000000	9.57000000000000	0.840000000000000	0.450000000000000	8.44000000000000	0.590000000000000	0.990000000000000	0.0700000000000000	1506	1184.46000000000	2.91000000000000	5681	2.33000000000000	60.7000000000000	4.11000000000000	5	63.1100000000000	54.9500000000000	64.0300000000000	32.8100000000000	27.1800000000000	26.9200000000000	9.57000000000000	0.840000000000000	0.450000000000000	8.44000000000000	0.590000000000000	0.990000000000000	0.0700000000000000	1506	1184.46000000000	2.91000000000000	5681	2.33000000000000	60.7000000000000	4.11000000000000	5	63.1100000000000	54.9500000000000	64.0300000000000	32.8100000000000	27.1800000000000	26.9200000000000	9.57000000000000	0.840000000000000	0.450000000000000	8.44000000000000	0.590000000000000	0.990000000000000	0.0700000000000000	1506	1184.46000000000	7
252.160000000000	8.46000000000000	4.05000000000000	4.28000000000000	1.12000000000000	0.570000000000000	0.830000000000000	6.84000000000000	2.22000000000000	0.340000000000000	-0.0500000000000000	268	2574.93000000000	1.29000000000000	2671	0.830000000000000	244.850000000000	1.46000000000000	1.30000000000000	229.890000000000	252.500000000000	252.160000000000	8.46000000000000	4.05000000000000	4.28000000000000	1.12000000000000	0.570000000000000	0.830000000000000	6.84000000000000	2.22000000000000	0.340000000000000	-0.0500000000000000	268	2574.93000000000	1.29000000000000	2671	0.830000000000000	244.850000000000	1.46000000000000	1.30000000000000	229.890000000000	252.500000000000	252.160000000000	8.46000000000000	4.05000000000000	4.28000000000000	1.12000000000000	0.570000000000000	0.830000000000000	6.84000000000000	2.22000000000000	0.340000000000000	-0.0500000000000000	268	2574.93000000000	2
137.150000000000	12.3600000000000	16.7300000000000	15.2500000000000	8.76000000000000	0.680000000000000	0.810000000000000	7.44000000000000	0.930000000000000	0.990000000000000	0.160000000000000	618	1875.76000000000	1.57000000000000	3529	1.35000000000000	147.390000000000	1.55000000000000	2.60000000000000	176.280000000000	128.730000000000	137.150000000000	12.3600000000000	16.7300000000000	15.2500000000000	8.76000000000000	0.680000000000000	0.810000000000000	7.44000000000000	0.930000000000000	0.990000000000000	0.160000000000000	618	1875.76000000000	1.57000000000000	3529	1.35000000000000	147.390000000000	1.55000000000000	2.60000000000000	176.280000000000	128.730000000000	137.150000000000	12.3600000000000	16.7300000000000	15.2500000000000	8.76000000000000	0.680000000000000	0.810000000000000	7.44000000000000	0.930000000000000	0.990000000000000	0.160000000000000	618	1875.76000000000	5
98.3900000000000	39.8400000000000	51.2400000000000	50.8700000000000	2.58000000000000	0.860000000000000	0.660000000000000	8.39000000000000	1.36000000000000	0.850000000000000	-0.0500000000000000	414	1090.43000000000	2.44000000000000	1426	1.78000000000000	88.5200000000000	2.48000000000000	2.74000000000000	79.7300000000000	87.4400000000000	98.3900000000000	39.8400000000000	51.2400000000000	50.8700000000000	2.58000000000000	0.860000000000000	0.660000000000000	8.39000000000000	1.36000000000000	0.850000000000000	-0.0500000000000000	414	1090.43000000000	2.44000000000000	1426	1.78000000000000	88.5200000000000	2.48000000000000	2.74000000000000	79.7300000000000	87.4400000000000	98.3900000000000	39.8400000000000	51.2400000000000	50.8700000000000	2.58000000000000	0.860000000000000	0.660000000000000	8.39000000000000	1.36000000000000	0.850000000000000	-0.0500000000000000	414	1090.43000000000	7
102.820000000000	13.6800000000000	14.4700000000000	13.5300000000000	1.05000000000000	0.830000000000000	0.730000000000000	7.41000000000000	1.98000000000000	0.290000000000000	-0.120000000000000	288	1176.03000000000	1.57000000000000	2050	1.45000000000000	100.100000000000	1.73000000000000	1.59000000000000	86.5600000000000	110.900000000000	102.820000000000	13.6800000000000	14.4700000000000	13.5300000000000	1.05000000000000	0.830000000000000	0.730000000000000	7.41000000000000	1.98000000000000	0.290000000000000	-0.120000000000000	288	1176.03000000000	1.57000000000000	2050	1.45000000000000	100.100000000000	1.73000000000000	1.59000000000000	86.5600000000000	110.900000000000	102.820000000000	13.6800000000000	14.4700000000000	13.5300000000000	1.05000000000000	0.830000000000000	0.730000000000000	7.41000000000000	1.98000000000000	0.290000000000000	-0.120000000000000	288	1176.03000000000	2
224.170000000000	45.8400000000000	43.9200000000000	39.9200000000000	1.68000000000000	0.860000000000000	0.680000000000000	8.29000000000000	1.74000000000000	0.570000000000000	-0.0900000000000000	386	970.940000000000	2.41000000000000	1447	1.43000000000000	207.410000000000	1.96000000000000	2.54000000000000	181.470000000000	216.590000000000	224.170000000000	45.8400000000000	43.9200000000000	39.9200000000000	1.68000000000000	0.860000000000000	0.680000000000000	8.29000000000000	1.74000000000000	0.570000000000000	-0.0900000000000000	386	970.940000000000	2.41000000000000	1447	1.43000000000000	207.410000000000	1.96000000000000	2.54000000000000	181.470000000000	216.590000000000	224.170000000000	45.8400000000000	43.9200000000000	39.9200000000000	1.68000000000000	0.860000000000000	0.680000000000000	8.29000000000000	1.74000000000000	0.570000000000000	-0.0900000000000000	386	970.940000000000	6
233.170000000000	28.4600000000000	31.5300000000000	35	1.67000000000000	0.780000000000000	0.930000000000000	7.54000000000000	2.03000000000000	0.560000000000000	-0.280000000000000	98	1619.89000000000	1.09000000000000	468	0.390000000000000	170.610000000000	1.15000000000000	1.13000000000000	99.7600000000000	178.900000000000	233.170000000000	28.4600000000000	31.5300000000000	35	1.67000000000000	0.780000000000000	0.930000000000000	7.54000000000000	2.03000000000000	0.560000000000000	-0.280000000000000	98	1619.89000000000	1.09000000000000	468	0.390000000000000	170.610000000000	1.15000000000000	1.13000000000000	99.7600000000000	178.900000000000	233.170000000000	28.4600000000000	31.5300000000000	35	1.67000000000000	0.780000000000000	0.930000000000000	7.54000000000000	2.03000000000000	0.560000000000000	-0.280000000000000	98	1619.89000000000	6
213.780000000000	17.5300000000000	22.2000000000000	23.0600000000000	1.10000000000000	0.760000000000000	0.830000000000000	7.69000000000000	2.20000000000000	0.380000000000000	-0.0900000000000000	572	1225.14000000000	1.32000000000000	5741	0.640000000000000	207.120000000000	1.33000000000000	1.33000000000000	179.790000000000	219.410000000000	222.160000000000	20.2900000000000	26.2600000000000	26.7000000000000	1.03000000000000	0.800000000000000	0.870000000000000	7.85000000000000	2.30000000000000	0.340000000000000	-0.100000000000000	404	1040.86000000000	1.32000000000000	5741	0.640000000000000	207.120000000000	1.33000000000000	1.33000000000000	179.790000000000	219.410000000000	222.160000000000	20.2900000000000	26.2600000000000	26.7000000000000	1.03000000000000	0.800000000000000	0.870000000000000	7.85000000000000	2.30000000000000	0.340000000000000	-0.100000000000000	404	1040.86000000000	2
227.520000000000	16.4900000000000	15.6600000000000	15.1500000000000	1.54000000000000	0.790000000000000	0.710000000000000	7.27000000000000	1.81000000000000	0.670000000000000	-0.0800000000000000	730	1047.17000000000	3.35000000000000	4795	1.36000000000000	211.250000000000	2.34000000000000	3.53000000000000	192.070000000000	221.280000000000	220.390000000000	23.4500000000000	24.7700000000000	27.8500000000000	1.86000000000000	0.820000000000000	0.760000000000000	7.74000000000000	1.93000000000000	0.570000000000000	-0.0700000000000000	978	926.700000000000	3.35000000000000	4795	1.36000000000000	211.250000000000	2.34000000000000	3.53000000000000	192.070000000000	221.280000000000	220.390000000000	23.4500000000000	24.7700000000000	27.8500000000000	1.86000000000000	0.820000000000000	0.760000000000000	7.74000000000000	1.93000000000000	0.570000000000000	-0.0700000000000000	978	926.700000000000	4
218.300000000000	9.28000000000000	10.0700000000000	9.69000000000000	2.81000000000000	0.820000000000000	0.980000000000000	6.49000000000000	1.90000000000000	0.790000000000000	-0.150000000000000	934	1091.90000000000	1.21000000000000	23061	0.450000000000000	194.840000000000	1.05000000000000	1.38000000000000	156.470000000000	210.740000000000	217.320000000000	12.5400000000000	14.2700000000000	13.9800000000000	2.81000000000000	0.810000000000000	0.980000000000000	6.60000000000000	1.90000000000000	0.780000000000000	-0.150000000000000	840	765.250000000000	1.21000000000000	23061	0.450000000000000	194.840000000000	1.05000000000000	1.38000000000000	156.470000000000	210.740000000000	217.320000000000	12.5400000000000	14.2700000000000	13.9800000000000	2.81000000000000	0.810000000000000	0.980000000000000	6.60000000000000	1.90000000000000	0.780000000000000	-0.150000000000000	840	765.250000000000	2
62.1800000000000	23.7100000000000	13.9900000000000	13.4400000000000	1.10000000000000	0.880000000000000	0.850000000000000	7.50000000000000	2.21000000000000	0.0800000000000000	0.120000000000000	156	929.520000000000	1.53000000000000	626	0.590000000000000	63.3200000000000	1.48000000000000	1.56000000000000	71.4100000000000	56.3800000000000	62.1800000000000	23.7100000000000	13.9900000000000	13.4400000000000	1.10000000000000	0.880000000000000	0.850000000000000	7.50000000000000	2.21000000000000	0.0800000000000000	0.120000000000000	156	929.520000000000	1.53000000000000	626	0.590000000000000	63.3200000000000	1.48000000000000	1.56000000000000	71.4100000000000	56.3800000000000	62.1800000000000	23.7100000000000	13.9900000000000	13.4400000000000	1.10000000000000	0.880000000000000	0.850000000000000	7.50000000000000	2.21000000000000	0.0800000000000000	0.120000000000000	156	929.520000000000	7
252.440000000000	6.56000000000000	4.72000000000000	4.18000000000000	2.61000000000000	0.420000000000000	0.590000000000000	6.54000000000000	1.30000000000000	0.920000000000000	-0.110000000000000	782	3078.47000000000	1.96000000000000	7851	1.44000000000000	234.590000000000	2.52000000000000	2.21000000000000	199.830000000000	251.510000000000	252.440000000000	6.56000000000000	4.72000000000000	4.18000000000000	2.61000000000000	0.420000000000000	0.590000000000000	6.54000000000000	1.30000000000000	0.920000000000000	-0.110000000000000	782	3078.47000000000	1.96000000000000	7851	1.44000000000000	234.590000000000	2.52000000000000	2.21000000000000	199.830000000000	251.510000000000	252.440000000000	6.56000000000000	4.72000000000000	4.18000000000000	2.61000000000000	0.420000000000000	0.590000000000000	6.54000000000000	1.30000000000000	0.920000000000000	-0.110000000000000	782	3078.47000000000	2
198.850000000000	8.90000000000000	18.0200000000000	14.2500000000000	1.45000000000000	0.680000000000000	0.670000000000000	6.80000000000000	1.73000000000000	0.460000000000000	0.120000000000000	1452	1901.02000000000	4.10000000000000	7503	2.07000000000000	210.220000000000	2.83000000000000	4.19000000000000	241.250000000000	190.580000000000	198.850000000000	8.90000000000000	18.0200000000000	14.2500000000000	1.45000000000000	0.680000000000000	0.670000000000000	6.80000000000000	1.73000000000000	0.460000000000000	0.120000000000000	1452	1901.02000000000	4.10000000000000	7503	2.07000000000000	210.220000000000	2.83000000000000	4.19000000000000	241.250000000000	190.580000000000	198.850000000000	8.90000000000000	18.0200000000000	14.2500000000000	1.45000000000000	0.680000000000000	0.670000000000000	6.80000000000000	1.73000000000000	0.460000000000000	0.120000000000000	1452	1901.02000000000	8
81.3800000000000	19.3500000000000	20.9100000000000	20.2000000000000	2.14000000000000	0.780000000000000	0.640000000000000	8	1.51000000000000	0.830000000000000	-0.0600000000000000	1722	1441.25000000000	4.45000000000000	9858	1.81000000000000	69.3100000000000	2.47000000000000	4.81000000000000	62.1700000000000	69.4400000000000	76.3100000000000	21.0600000000000	23.0700000000000	22.4700000000000	2.17000000000000	0.820000000000000	0.560000000000000	8.16000000000000	1.40000000000000	0.810000000000000	-0.0600000000000000	1912	1245.09000000000	4.45000000000000	9858	1.81000000000000	69.3100000000000	2.47000000000000	4.81000000000000	62.1700000000000	69.4400000000000	76.3100000000000	21.0600000000000	23.0700000000000	22.4700000000000	2.17000000000000	0.820000000000000	0.560000000000000	8.16000000000000	1.40000000000000	0.810000000000000	-0.0600000000000000	1912	1245.09000000000	1
195.930000000000	11.9900000000000	15.7500000000000	14.4700000000000	1.44000000000000	0.780000000000000	0.840000000000000	7.44000000000000	2.21000000000000	0.410000000000000	0.0700000000000000	668	1407.07000000000	3.47000000000000	12236	1.75000000000000	207.600000000000	2.56000000000000	3.55000000000000	226.940000000000	197.670000000000	198.180000000000	12.4800000000000	15.8000000000000	14.1100000000000	1.41000000000000	0.790000000000000	0.730000000000000	7.39000000000000	1.92000000000000	0.360000000000000	0.0700000000000000	1570	1222.21000000000	3.47000000000000	12236	1.75000000000000	207.600000000000	2.56000000000000	3.55000000000000	226.940000000000	197.670000000000	198.180000000000	12.4800000000000	15.8000000000000	14.1100000000000	1.41000000000000	0.790000000000000	0.730000000000000	7.39000000000000	1.92000000000000	0.360000000000000	0.0700000000000000	1570	1222.21000000000	5
182.880000000000	15.0400000000000	15.2100000000000	12.3600000000000	5.65000000000000	0.840000000000000	0.300000000000000	7.49000000000000	0.620000000000000	0.980000000000000	0.100000000000000	1618	1039.48000000000	3.29000000000000	7698	3.26000000000000	193.320000000000	4.35000000000000	4.61000000000000	218.230000000000	178.830000000000	182.880000000000	15.0400000000000	15.2100000000000	12.3600000000000	5.65000000000000	0.840000000000000	0.300000000000000	7.49000000000000	0.620000000000000	0.980000000000000	0.100000000000000	1618	1039.48000000000	3.29000000000000	7698	3.26000000000000	193.320000000000	4.35000000000000	4.61000000000000	218.230000000000	178.830000000000	182.880000000000	15.0400000000000	15.2100000000000	12.3600000000000	5.65000000000000	0.840000000000000	0.300000000000000	7.49000000000000	0.620000000000000	0.980000000000000	0.100000000000000	1618	1039.48000000000	5
198.470000000000	8.63000000000000	11.8600000000000	10.8500000000000	1.69000000000000	0.670000000000000	0.750000000000000	6.95000000000000	1.80000000000000	0.600000000000000	0.0600000000000000	1180	2012.03000000000	2.97000000000000	20424	1.39000000000000	197.910000000000	2.34000000000000	3.08000000000000	222.980000000000	184.360000000000	186.390000000000	10.7800000000000	17.4900000000000	15.0600000000000	1.69000000000000	0.770000000000000	0.710000000000000	7.28000000000000	1.96000000000000	0.620000000000000	0.0900000000000000	1758	1496.25000000000	2.97000000000000	20424	1.39000000000000	197.910000000000	2.34000000000000	3.08000000000000	222.980000000000	184.360000000000	186.390000000000	10.7800000000000	17.4900000000000	15.0600000000000	1.69000000000000	0.770000000000000	0.710000000000000	7.28000000000000	1.96000000000000	0.620000000000000	0.0900000000000000	1758	1496.25000000000	8
240.390000000000	11.8700000000000	10.5700000000000	10.1600000000000	3.14000000000000	0.780000000000000	0.840000000000000	7.06000000000000	1.89000000000000	0.780000000000000	-0.0700000000000000	818	1209.17000000000	2.34000000000000	23033	1.30000000000000	226.650000000000	1.63000000000000	3.43000000000000	204.360000000000	237	238.600000000000	12.6100000000000	12.0200000000000	11.6000000000000	6.38000000000000	0.770000000000000	0.850000000000000	7.22000000000000	1.18000000000000	0.960000000000000	-0.0700000000000000	2084	1225.65000000000	2.34000000000000	23033	1.30000000000000	226.650000000000	1.63000000000000	3.43000000000000	204.360000000000	237	238.600000000000	12.6100000000000	12.0200000000000	11.6000000000000	6.38000000000000	0.770000000000000	0.850000000000000	7.22000000000000	1.18000000000000	0.960000000000000	-0.0700000000000000	2084	1225.65000000000	4
248.730000000000	8.44000000000000	7.44000000000000	7.52000000000000	1.71000000000000	0.760000000000000	0.480000000000000	6.53000000000000	1.33000000000000	0.650000000000000	-0.0800000000000000	1490	1274.22000000000	4.05000000000000	7846	2.24000000000000	237.640000000000	3.64000000000000	4.21000000000000	214.510000000000	249.670000000000	248.730000000000	8.44000000000000	7.44000000000000	7.52000000000000	1.71000000000000	0.760000000000000	0.480000000000000	6.53000000000000	1.33000000000000	0.650000000000000	-0.0800000000000000	1490	1274.22000000000	4.05000000000000	7846	2.24000000000000	237.640000000000	3.64000000000000	4.21000000000000	214.510000000000	249.670000000000	248.730000000000	8.44000000000000	7.44000000000000	7.52000000000000	1.71000000000000	0.760000000000000	0.480000000000000	6.53000000000000	1.33000000000000	0.650000000000000	-0.0800000000000000	1490	1274.22000000000	8
227.090000000000	16.4800000000000	18.7000000000000	17.9500000000000	1.23000000000000	0.790000000000000	0.300000000000000	7.60000000000000	1.26000000000000	0.770000000000000	-0.0300000000000000	958	1287.25000000000	3.93000000000000	3417	2.29000000000000	223.360000000000	4.03000000000000	3.97000000000000	214.660000000000	229.730000000000	225.690000000000	21.0100000000000	23.6700000000000	22.5400000000000	1.23000000000000	0.800000000000000	0.310000000000000	7.66000000000000	1.27000000000000	0.770000000000000	-0.0300000000000000	928	938.790000000000	3.93000000000000	3417	2.29000000000000	223.360000000000	4.03000000000000	3.97000000000000	214.660000000000	229.730000000000	225.690000000000	21.0100000000000	23.6700000000000	22.5400000000000	1.23000000000000	0.800000000000000	0.310000000000000	7.66000000000000	1.27000000000000	0.770000000000000	-0.0300000000000000	928	938.790000000000	8
155.710000000000	18.7800000000000	17.0600000000000	18.7700000000000	1.35000000000000	0.820000000000000	0.760000000000000	7.77000000000000	2.01000000000000	0.530000000000000	0.220000000000000	290	1189.59000000000	1.99000000000000	1263	1.22000000000000	171.230000000000	1.97000000000000	2.04000000000000	218.780000000000	139.190000000000	155.710000000000	18.7800000000000	17.0600000000000	18.7700000000000	1.35000000000000	0.820000000000000	0.760000000000000	7.77000000000000	2.01000000000000	0.530000000000000	0.220000000000000	290	1189.59000000000	1.99000000000000	1263	1.22000000000000	171.230000000000	1.97000000000000	2.04000000000000	218.780000000000	139.190000000000	155.710000000000	18.7800000000000	17.0600000000000	18.7700000000000	1.35000000000000	0.820000000000000	0.760000000000000	7.77000000000000	2.01000000000000	0.530000000000000	0.220000000000000	290	1189.59000000000	5
175.220000000000	33.4300000000000	48.5800000000000	50.9800000000000	2.13000000000000	0.780000000000000	0.970000000000000	7.56000000000000	1.98000000000000	0.630000000000000	-0.280000000000000	94	1654	1	459	0.160000000000000	119.660000000000	1.05000000000000	1.10000000000000	66.4900000000000	117.280000000000	175.220000000000	33.4300000000000	48.5800000000000	50.9800000000000	2.13000000000000	0.780000000000000	0.970000000000000	7.56000000000000	1.98000000000000	0.630000000000000	-0.280000000000000	94	1654	1	459	0.160000000000000	119.660000000000	1.05000000000000	1.10000000000000	66.4900000000000	117.280000000000	175.220000000000	33.4300000000000	48.5800000000000	50.9800000000000	2.13000000000000	0.780000000000000	0.970000000000000	7.56000000000000	1.98000000000000	0.630000000000000	-0.280000000000000	94	1654	6
207.740000000000	40.5900000000000	38.0500000000000	37.8000000000000	2.62000000000000	0.770000000000000	0.450000000000000	9.05000000000000	0.980000000000000	0.880000000000000	-0.0700000000000000	1162	1838.37000000000	5.05000000000000	2599	2.52000000000000	196.810000000000	4.94000000000000	5.70000000000000	177.940000000000	204.750000000000	207.740000000000	40.5900000000000	38.0500000000000	37.8000000000000	2.62000000000000	0.770000000000000	0.450000000000000	9.05000000000000	0.980000000000000	0.880000000000000	-0.0700000000000000	1162	1838.37000000000	5.05000000000000	2599	2.52000000000000	196.810000000000	4.94000000000000	5.70000000000000	177.940000000000	204.750000000000	207.740000000000	40.5900000000000	38.0500000000000	37.8000000000000	2.62000000000000	0.770000000000000	0.450000000000000	9.05000000000000	0.980000000000000	0.880000000000000	-0.0700000000000000	1162	1838.37000000000	3
43.9400000000000	11.4200000000000	8.12000000000000	8.13000000000000	1.97000000000000	0.770000000000000	0.800000000000000	7.25000000000000	1.93000000000000	0.620000000000000	0.160000000000000	546	1553.30000000000	2.73000000000000	2199	1.06000000000000	42.7700000000000	1.88000000000000	2.91000000000000	49.0100000000000	35.3600000000000	43.9400000000000	11.4200000000000	8.12000000000000	8.13000000000000	1.97000000000000	0.770000000000000	0.800000000000000	7.25000000000000	1.93000000000000	0.620000000000000	0.160000000000000	546	1553.30000000000	2.73000000000000	2199	1.06000000000000	42.7700000000000	1.88000000000000	2.91000000000000	49.0100000000000	35.3600000000000	43.9400000000000	11.4200000000000	8.12000000000000	8.13000000000000	1.97000000000000	0.770000000000000	0.800000000000000	7.25000000000000	1.93000000000000	0.620000000000000	0.160000000000000	546	1553.30000000000	7
134.780000000000	46.4500000000000	40.8100000000000	37.0900000000000	3.81000000000000	0.900000000000000	0.400000000000000	9.14000000000000	0.980000000000000	0.920000000000000	0.200000000000000	2106	695.690000000000	4.68000000000000	8826	2.43000000000000	149.110000000000	5.23000000000000	5.38000000000000	186.440000000000	124.040000000000	136.840000000000	45.1900000000000	41.0900000000000	36.1100000000000	2.89000000000000	0.900000000000000	0.430000000000000	9.11000000000000	1.07000000000000	0.880000000000000	0.200000000000000	2022	680.930000000000	4.68000000000000	8826	2.43000000000000	149.110000000000	5.23000000000000	5.38000000000000	186.440000000000	124.040000000000	136.840000000000	45.1900000000000	41.0900000000000	36.1100000000000	2.89000000000000	0.900000000000000	0.430000000000000	9.11000000000000	1.07000000000000	0.880000000000000	0.200000000000000	2022	680.930000000000	5
136.650000000000	16.2700000000000	11.7900000000000	11.2900000000000	1.45000000000000	0.900000000000000	0.470000000000000	7.74000000000000	1.34000000000000	0.610000000000000	0.260000000000000	600	709.220000000000	2.70000000000000	6565	2.15000000000000	149.280000000000	2.74000000000000	2.73000000000000	197.620000000000	117.050000000000	133.180000000000	17.8900000000000	12.7200000000000	12.2000000000000	1.13000000000000	0.910000000000000	0.330000000000000	7.82000000000000	1.38000000000000	0.470000000000000	0.260000000000000	886	601.650000000000	2.70000000000000	6565	2.15000000000000	149.280000000000	2.74000000000000	2.73000000000000	197.620000000000	117.050000000000	133.180000000000	17.8900000000000	12.7200000000000	12.2000000000000	1.13000000000000	0.910000000000000	0.330000000000000	7.82000000000000	1.38000000000000	0.470000000000000	0.260000000000000	886	601.650000000000	5
73.6800000000000	28.3500000000000	25.2500000000000	24	1.88000000000000	0.890000000000000	0.720000000000000	8.29000000000000	1.76000000000000	0.690000000000000	-0.0100000000000000	726	722.170000000000	2.79000000000000	3783	1.63000000000000	70.0700000000000	2.10000000000000	2.95000000000000	67.6600000000000	68.8800000000000	73.6800000000000	28.3500000000000	25.2500000000000	24	1.88000000000000	0.890000000000000	0.720000000000000	8.29000000000000	1.76000000000000	0.690000000000000	-0.0100000000000000	726	722.170000000000	2.79000000000000	3783	1.63000000000000	70.0700000000000	2.10000000000000	2.95000000000000	67.6600000000000	68.8800000000000	73.6800000000000	28.3500000000000	25.2500000000000	24	1.88000000000000	0.890000000000000	0.720000000000000	8.29000000000000	1.76000000000000	0.690000000000000	-0.0100000000000000	726	722.170000000000	1
123.700000000000	27.6000000000000	22.7000000000000	22.2900000000000	1.38000000000000	0.860000000000000	0.490000000000000	8.48000000000000	1.45000000000000	0.650000000000000	0.300000000000000	1000	918.550000000000	3.64000000000000	5356	2.03000000000000	144.190000000000	3.17000000000000	3.70000000000000	197.380000000000	110.050000000000	125.140000000000	30.5200000000000	25.3100000000000	23.4000000000000	1.38000000000000	0.880000000000000	0.540000000000000	8.61000000000000	1.53000000000000	0.620000000000000	0.280000000000000	1084	804.860000000000	3.64000000000000	5356	2.03000000000000	144.190000000000	3.17000000000000	3.70000000000000	197.380000000000	110.050000000000	125.140000000000	30.5200000000000	25.3100000000000	23.4000000000000	1.38000000000000	0.880000000000000	0.540000000000000	8.61000000000000	1.53000000000000	0.620000000000000	0.280000000000000	1084	804.860000000000	5
188.780000000000	36.0700000000000	38.8300000000000	37.9900000000000	1.95000000000000	0.730000000000000	0.690000000000000	7.87000000000000	1.52000000000000	0.740000000000000	-0.100000000000000	212	1916.96000000000	2.47000000000000	384	1.36000000000000	176.950000000000	2.66000000000000	2.70000000000000	153.440000000000	188.640000000000	188.780000000000	36.0700000000000	38.8300000000000	37.9900000000000	1.95000000000000	0.730000000000000	0.690000000000000	7.87000000000000	1.52000000000000	0.740000000000000	-0.100000000000000	212	1916.96000000000	2.47000000000000	384	1.36000000000000	176.950000000000	2.66000000000000	2.70000000000000	153.440000000000	188.640000000000	188.780000000000	36.0700000000000	38.8300000000000	37.9900000000000	1.95000000000000	0.730000000000000	0.690000000000000	7.87000000000000	1.52000000000000	0.740000000000000	-0.100000000000000	212	1916.96000000000	3
132.470000000000	33.7400000000000	25.9600000000000	26.0500000000000	1.79000000000000	0.870000000000000	0.460000000000000	8.35000000000000	1.29000000000000	0.690000000000000	0.310000000000000	862	769.180000000000	3.85000000000000	2826	2.22000000000000	151.290000000000	4	4.05000000000000	210.070000000000	111.330000000000	132.470000000000	33.7400000000000	25.9600000000000	26.0500000000000	1.79000000000000	0.870000000000000	0.460000000000000	8.35000000000000	1.29000000000000	0.690000000000000	0.310000000000000	862	769.180000000000	3.85000000000000	2826	2.22000000000000	151.290000000000	4	4.05000000000000	210.070000000000	111.330000000000	132.470000000000	33.7400000000000	25.9600000000000	26.0500000000000	1.79000000000000	0.870000000000000	0.460000000000000	8.35000000000000	1.29000000000000	0.690000000000000	0.310000000000000	862	769.180000000000	5
84.1700000000000	23.8900000000000	25.8300000000000	24.2800000000000	3.20000000000000	0.750000000000000	0.790000000000000	8.11000000000000	1.52000000000000	0.890000000000000	-0.0900000000000000	1326	1229.74000000000	3.50000000000000	8473	1.32000000000000	75.2300000000000	2.16000000000000	3.84000000000000	67.0400000000000	77.0300000000000	81.6200000000000	23.9300000000000	26.9600000000000	25.2900000000000	2.37000000000000	0.770000000000000	0.720000000000000	8.17000000000000	1.62000000000000	0.840000000000000	-0.0700000000000000	1414	1213.99000000000	3.50000000000000	8473	1.32000000000000	75.2300000000000	2.16000000000000	3.84000000000000	67.0400000000000	77.0300000000000	81.6200000000000	23.9300000000000	26.9600000000000	25.2900000000000	2.37000000000000	0.770000000000000	0.720000000000000	8.17000000000000	1.62000000000000	0.840000000000000	-0.0700000000000000	1414	1213.99000000000	1
132.660000000000	12.3200000000000	13.0200000000000	11.7200000000000	2.22000000000000	0.810000000000000	0.650000000000000	7.49000000000000	1.68000000000000	0.790000000000000	0.140000000000000	1166	1278.47000000000	3.24000000000000	6898	1.21000000000000	143.480000000000	2.11000000000000	3.51000000000000	169.130000000000	128.650000000000	132.660000000000	12.3200000000000	13.0200000000000	11.7200000000000	2.22000000000000	0.810000000000000	0.650000000000000	7.49000000000000	1.68000000000000	0.790000000000000	0.140000000000000	1166	1278.47000000000	3.24000000000000	6898	1.21000000000000	143.480000000000	2.11000000000000	3.51000000000000	169.130000000000	128.650000000000	132.660000000000	12.3200000000000	13.0200000000000	11.7200000000000	2.22000000000000	0.810000000000000	0.650000000000000	7.49000000000000	1.68000000000000	0.790000000000000	0.140000000000000	1166	1278.47000000000	5
177.770000000000	15.4900000000000	16.9100000000000	16.6300000000000	1.79000000000000	0.790000000000000	0.730000000000000	7.52000000000000	1.88000000000000	0.600000000000000	-0.0800000000000000	258	1416.60000000000	1.46000000000000	2128	0.580000000000000	153.240000000000	1.40000000000000	1.48000000000000	136.520000000000	158.890000000000	164.310000000000	18.3400000000000	21.2700000000000	21.0100000000000	1.29000000000000	0.870000000000000	0.830000000000000	7.80000000000000	2.20000000000000	0.350000000000000	-0.0800000000000000	274	907.680000000000	1.46000000000000	2128	0.580000000000000	153.240000000000	1.40000000000000	1.48000000000000	136.520000000000	158.890000000000	164.310000000000	18.3400000000000	21.2700000000000	21.0100000000000	1.29000000000000	0.870000000000000	0.830000000000000	7.80000000000000	2.20000000000000	0.350000000000000	-0.0800000000000000	274	907.680000000000	2
228.980000000000	18.3100000000000	32.5800000000000	31.1400000000000	51.5400000000000	0.620000000000000	0.730000000000000	8.05000000000000	0.350000000000000	1	-0.0400000000000000	1340	2788.91000000000	1.75000000000000	2701	1.29000000000000	222.500000000000	2.13000000000000	6.45000000000000	211.390000000000	227.140000000000	228.980000000000	18.3100000000000	32.5800000000000	31.1400000000000	51.5400000000000	0.620000000000000	0.730000000000000	8.05000000000000	0.350000000000000	1	-0.0400000000000000	1340	2788.91000000000	1.75000000000000	2701	1.29000000000000	222.500000000000	2.13000000000000	6.45000000000000	211.390000000000	227.140000000000	228.980000000000	18.3100000000000	32.5800000000000	31.1400000000000	51.5400000000000	0.620000000000000	0.730000000000000	8.05000000000000	0.350000000000000	1	-0.0400000000000000	1340	2788.91000000000	4
143.590000000000	21.9000000000000	20.4400000000000	19.0300000000000	1.56000000000000	0.830000000000000	0.530000000000000	8.04000000000000	1.56000000000000	0.500000000000000	0.250000000000000	1160	1032.03000000000	4.09000000000000	4320	1.98000000000000	158.880000000000	3.20000000000000	4.23000000000000	208.770000000000	126.250000000000	141.610000000000	27.4800000000000	23.3400000000000	22.4000000000000	1.56000000000000	0.860000000000000	0.510000000000000	8.11000000000000	1.54000000000000	0.540000000000000	0.250000000000000	1112	751.460000000000	4.09000000000000	4320	1.98000000000000	158.880000000000	3.20000000000000	4.23000000000000	208.770000000000	126.250000000000	141.610000000000	27.4800000000000	23.3400000000000	22.4000000000000	1.56000000000000	0.860000000000000	0.510000000000000	8.11000000000000	1.54000000000000	0.540000000000000	0.250000000000000	1112	751.460000000000	5
96.4300000000000	18.5000000000000	21.4500000000000	21.2100000000000	2.02000000000000	0.660000000000000	0.560000000000000	7.64000000000000	1.49000000000000	0.760000000000000	-0.110000000000000	1270	1774.26000000000	4.07000000000000	5324	1.68000000000000	88.8600000000000	2.75000000000000	4.35000000000000	75.4300000000000	94.7100000000000	96.4300000000000	18.5000000000000	21.4500000000000	21.2100000000000	2.02000000000000	0.660000000000000	0.560000000000000	7.64000000000000	1.49000000000000	0.760000000000000	-0.110000000000000	1270	1774.26000000000	4.07000000000000	5324	1.68000000000000	88.8600000000000	2.75000000000000	4.35000000000000	75.4300000000000	94.7100000000000	96.4300000000000	18.5000000000000	21.4500000000000	21.2100000000000	2.02000000000000	0.660000000000000	0.560000000000000	7.64000000000000	1.49000000000000	0.760000000000000	-0.110000000000000	1270	1774.26000000000	1
131.460000000000	14.4400000000000	16.5700000000000	15.8000000000000	2.20000000000000	0.790000000000000	0.870000000000000	7.59000000000000	1.94000000000000	0.660000000000000	0.160000000000000	448	1356.04000000000	2.68000000000000	5189	1.60000000000000	144.460000000000	2.24000000000000	2.72000000000000	175.810000000000	125.380000000000	132.200000000000	32.0900000000000	34.6500000000000	31.9300000000000	1.24000000000000	0.870000000000000	0.620000000000000	8.55000000000000	1.78000000000000	0.600000000000000	0.170000000000000	784	840.840000000000	2.68000000000000	5189	1.60000000000000	144.460000000000	2.24000000000000	2.72000000000000	175.810000000000	125.380000000000	132.200000000000	32.0900000000000	34.6500000000000	31.9300000000000	1.24000000000000	0.870000000000000	0.620000000000000	8.55000000000000	1.78000000000000	0.600000000000000	0.170000000000000	784	840.840000000000	5
142.860000000000	13.9400000000000	9.45000000000000	10.9300000000000	1.92000000000000	0.890000000000000	0.850000000000000	7.42000000000000	2.11000000000000	0.610000000000000	0.340000000000000	696	766.200000000000	2.12000000000000	6020	0.530000000000000	161.950000000000	1.80000000000000	2.24000000000000	229.950000000000	113.050000000000	142.860000000000	13.9400000000000	9.45000000000000	10.9300000000000	1.92000000000000	0.890000000000000	0.850000000000000	7.42000000000000	2.11000000000000	0.610000000000000	0.340000000000000	696	766.200000000000	2.12000000000000	6020	0.530000000000000	161.950000000000	1.80000000000000	2.24000000000000	229.950000000000	113.050000000000	142.860000000000	13.9400000000000	9.45000000000000	10.9300000000000	1.92000000000000	0.890000000000000	0.850000000000000	7.42000000000000	2.11000000000000	0.610000000000000	0.340000000000000	696	766.200000000000	5
167.860000000000	63.5100000000000	59.0400000000000	55.2100000000000	1.68000000000000	0.920000000000000	0.570000000000000	8.39000000000000	1.69000000000000	0.470000000000000	-0.0500000000000000	372	565.260000000000	2.70000000000000	1091	1.69000000000000	155.840000000000	2.59000000000000	2.82000000000000	142.990000000000	156.670000000000	167.860000000000	63.5100000000000	59.0400000000000	55.2100000000000	1.68000000000000	0.920000000000000	0.570000000000000	8.39000000000000	1.69000000000000	0.470000000000000	-0.0500000000000000	372	565.260000000000	2.70000000000000	1091	1.69000000000000	155.840000000000	2.59000000000000	2.82000000000000	142.990000000000	156.670000000000	167.860000000000	63.5100000000000	59.0400000000000	55.2100000000000	1.68000000000000	0.920000000000000	0.570000000000000	8.39000000000000	1.69000000000000	0.470000000000000	-0.0500000000000000	372	565.260000000000	6
252.020000000000	9.20000000000000	6.14000000000000	5.86000000000000	1.90000000000000	0.660000000000000	0.290000000000000	6.75000000000000	1.09000000000000	0.720000000000000	-0.0800000000000000	958	1896.84000000000	4.57000000000000	11701	2.68000000000000	239.210000000000	4.41000000000000	4.66000000000000	213.360000000000	252.180000000000	252.090000000000	8.90000000000000	6.09000000000000	5.86000000000000	1.40000000000000	0.710000000000000	0.270000000000000	6.67000000000000	1.08000000000000	0.560000000000000	-0.0800000000000000	2018	1561.94000000000	4.57000000000000	11701	2.68000000000000	239.210000000000	4.41000000000000	4.66000000000000	213.360000000000	252.180000000000	252.090000000000	8.90000000000000	6.09000000000000	5.86000000000000	1.40000000000000	0.710000000000000	0.270000000000000	6.67000000000000	1.08000000000000	0.560000000000000	-0.0800000000000000	2018	1561.94000000000	4
136.230000000000	28.7500000000000	29.9300000000000	26.1500000000000	1.86000000000000	0.890000000000000	0.560000000000000	8.51000000000000	1.56000000000000	0.580000000000000	0.200000000000000	778	748.620000000000	3.60000000000000	2627	1.70000000000000	149.580000000000	2.47000000000000	3.79000000000000	187.420000000000	125.090000000000	136.230000000000	28.7500000000000	29.9300000000000	26.1500000000000	1.86000000000000	0.890000000000000	0.560000000000000	8.51000000000000	1.56000000000000	0.580000000000000	0.200000000000000	778	748.620000000000	3.60000000000000	2627	1.70000000000000	149.580000000000	2.47000000000000	3.79000000000000	187.420000000000	125.090000000000	136.230000000000	28.7500000000000	29.9300000000000	26.1500000000000	1.86000000000000	0.890000000000000	0.560000000000000	8.51000000000000	1.56000000000000	0.580000000000000	0.200000000000000	778	748.620000000000	9
145.330000000000	18.7300000000000	21	19.8500000000000	18.9800000000000	0.880000000000000	0.840000000000000	7.77000000000000	0.710000000000000	1	0.0800000000000000	1952	733.700000000000	1.92000000000000	17041	1.33000000000000	145.250000000000	1.62000000000000	5.51000000000000	161.090000000000	135.660000000000	139.010000000000	28.8800000000000	27.5400000000000	25.9500000000000	30.9800000000000	0.930000000000000	0.810000000000000	7.99000000000000	0.500000000000000	1	0.0900000000000000	2878	373.310000000000	1.92000000000000	17041	1.33000000000000	145.250000000000	1.62000000000000	5.51000000000000	161.090000000000	135.660000000000	139.010000000000	28.8800000000000	27.5400000000000	25.9500000000000	30.9800000000000	0.930000000000000	0.810000000000000	7.99000000000000	0.500000000000000	1	0.0900000000000000	2878	373.310000000000	5
251.600000000000	11.6900000000000	8	6.35000000000000	1.66000000000000	0.650000000000000	0.510000000000000	7.19000000000000	1.57000000000000	0.410000000000000	-0.0500000000000000	548	2353.01000000000	3.34000000000000	1566	1.63000000000000	242.370000000000	2.34000000000000	3.46000000000000	225.280000000000	250.230000000000	251.600000000000	11.6900000000000	8	6.35000000000000	1.66000000000000	0.650000000000000	0.510000000000000	7.19000000000000	1.57000000000000	0.410000000000000	-0.0500000000000000	548	2353.01000000000	3.34000000000000	1566	1.63000000000000	242.370000000000	2.34000000000000	3.46000000000000	225.280000000000	250.230000000000	251.600000000000	11.6900000000000	8	6.35000000000000	1.66000000000000	0.650000000000000	0.510000000000000	7.19000000000000	1.57000000000000	0.410000000000000	-0.0500000000000000	548	2353.01000000000	4
215.310000000000	15.9700000000000	17.4400000000000	16.4800000000000	1.71000000000000	0.800000000000000	0.260000000000000	7.54000000000000	1.07000000000000	0.680000000000000	-0.0900000000000000	920	1270.05000000000	3.41000000000000	4157	2.60000000000000	202.660000000000	3.79000000000000	3.57000000000000	178.610000000000	214.060000000000	215.310000000000	15.9700000000000	17.4400000000000	16.4800000000000	1.71000000000000	0.800000000000000	0.260000000000000	7.54000000000000	1.07000000000000	0.680000000000000	-0.0900000000000000	920	1270.05000000000	3.41000000000000	4157	2.60000000000000	202.660000000000	3.79000000000000	3.57000000000000	178.610000000000	214.060000000000	215.310000000000	15.9700000000000	17.4400000000000	16.4800000000000	1.71000000000000	0.800000000000000	0.260000000000000	7.54000000000000	1.07000000000000	0.680000000000000	-0.0900000000000000	920	1270.05000000000	4
120.280000000000	47.7200000000000	61.1800000000000	60.0200000000000	1.65000000000000	0.810000000000000	0.290000000000000	8.67000000000000	1.03000000000000	0.760000000000000	0.0200000000000000	660	1373.54000000000	5	1012	2.66000000000000	116.050000000000	4.95000000000000	5.19000000000000	116.400000000000	111.470000000000	120.280000000000	47.7200000000000	61.1800000000000	60.0200000000000	1.65000000000000	0.810000000000000	0.290000000000000	8.67000000000000	1.03000000000000	0.760000000000000	0.0200000000000000	660	1373.54000000000	5	1012	2.66000000000000	116.050000000000	4.95000000000000	5.19000000000000	116.400000000000	111.470000000000	120.280000000000	47.7200000000000	61.1800000000000	60.0200000000000	1.65000000000000	0.810000000000000	0.290000000000000	8.67000000000000	1.03000000000000	0.760000000000000	0.0200000000000000	660	1373.54000000000	3
139.890000000000	52.4000000000000	50.8000000000000	49.7400000000000	4.53000000000000	0.750000000000000	0.430000000000000	7.49000000000000	0.770000000000000	0.940000000000000	-0.0600000000000000	210	1884.27000000000	2.56000000000000	236	2.23000000000000	129.070000000000	4.32000000000000	3.42000000000000	115.890000000000	131.430000000000	139.890000000000	52.4000000000000	50.8000000000000	49.7400000000000	4.53000000000000	0.750000000000000	0.430000000000000	7.49000000000000	0.770000000000000	0.940000000000000	-0.0600000000000000	210	1884.27000000000	2.56000000000000	236	2.23000000000000	129.070000000000	4.32000000000000	3.42000000000000	115.890000000000	131.430000000000	139.890000000000	52.4000000000000	50.8000000000000	49.7400000000000	4.53000000000000	0.750000000000000	0.430000000000000	7.49000000000000	0.770000000000000	0.940000000000000	-0.0600000000000000	210	1884.27000000000	3
136.310000000000	19.2500000000000	17.4300000000000	15.7500000000000	2.94000000000000	0.800000000000000	0.580000000000000	8.06000000000000	1.18000000000000	0.890000000000000	0.300000000000000	826	1446.08000000000	3.55000000000000	2225	1.61000000000000	152.540000000000	3.01000000000000	4.10000000000000	210.640000000000	114.050000000000	132.920000000000	28.8000000000000	21.2000000000000	21	2.93000000000000	0.860000000000000	0.620000000000000	8.17000000000000	1.25000000000000	0.880000000000000	0.300000000000000	774	771.920000000000	3.55000000000000	2225	1.61000000000000	152.540000000000	3.01000000000000	4.10000000000000	210.640000000000	114.050000000000	132.920000000000	28.8000000000000	21.2000000000000	21	2.93000000000000	0.860000000000000	0.620000000000000	8.17000000000000	1.25000000000000	0.880000000000000	0.300000000000000	774	771.920000000000	5
72.1300000000000	36.4300000000000	20.7500000000000	20.8000000000000	1.16000000000000	0.910000000000000	0.800000000000000	8.32000000000000	2.13000000000000	0.300000000000000	0.100000000000000	366	650.580000000000	2.23000000000000	1649	1.03000000000000	70.6900000000000	1.82000000000000	2.25000000000000	77.3100000000000	62.6400000000000	72.1300000000000	36.4300000000000	20.7500000000000	20.8000000000000	1.16000000000000	0.910000000000000	0.800000000000000	8.32000000000000	2.13000000000000	0.300000000000000	0.100000000000000	366	650.580000000000	2.23000000000000	1649	1.03000000000000	70.6900000000000	1.82000000000000	2.25000000000000	77.3100000000000	62.6400000000000	72.1300000000000	36.4300000000000	20.7500000000000	20.8000000000000	1.16000000000000	0.910000000000000	0.800000000000000	8.32000000000000	2.13000000000000	0.300000000000000	0.100000000000000	366	650.580000000000	7
173.900000000000	31.4200000000000	39.2600000000000	48.2300000000000	1.99000000000000	0.800000000000000	0.830000000000000	7.89000000000000	1.87000000000000	0.670000000000000	-0.240000000000000	196	1397.78000000000	1.51000000000000	901	0.920000000000000	124.780000000000	1.67000000000000	1.63000000000000	75.9000000000000	124.550000000000	173.900000000000	31.4200000000000	39.2600000000000	48.2300000000000	1.99000000000000	0.800000000000000	0.830000000000000	7.89000000000000	1.87000000000000	0.670000000000000	-0.240000000000000	196	1397.78000000000	1.51000000000000	901	0.920000000000000	124.780000000000	1.67000000000000	1.63000000000000	75.9000000000000	124.550000000000	173.900000000000	31.4200000000000	39.2600000000000	48.2300000000000	1.99000000000000	0.800000000000000	0.830000000000000	7.89000000000000	1.87000000000000	0.670000000000000	-0.240000000000000	196	1397.78000000000	6
85.1000000000000	47.1100000000000	32.8100000000000	29.8700000000000	1.26000000000000	0.920000000000000	0.730000000000000	8.74000000000000	1.99000000000000	0.260000000000000	0.200000000000000	466	573.120000000000	2.80000000000000	5327	1.62000000000000	84.2500000000000	2.15000000000000	2.84000000000000	92.5600000000000	76.5300000000000	83.6500000000000	49.2100000000000	35.8100000000000	34.3200000000000	1.32000000000000	0.940000000000000	0.710000000000000	8.73000000000000	1.90000000000000	0.600000000000000	0.0900000000000000	828	459.700000000000	2.80000000000000	5327	1.62000000000000	84.2500000000000	2.15000000000000	2.84000000000000	92.5600000000000	76.5300000000000	83.6500000000000	49.2100000000000	35.8100000000000	34.3200000000000	1.32000000000000	0.940000000000000	0.710000000000000	8.73000000000000	1.90000000000000	0.600000000000000	0.0900000000000000	828	459.700000000000	9
87.3200000000000	25.8800000000000	14.8200000000000	14.0700000000000	1.06000000000000	0.920000000000000	0.770000000000000	7.06000000000000	2.02000000000000	0.0900000000000000	0.0100000000000000	148	638.560000000000	6.48000000000000	10373	2.26000000000000	123.550000000000	4.45000000000000	6.61000000000000	159.290000000000	99.7700000000000	111.580000000000	49.3600000000000	31.4400000000000	31.1800000000000	1.43000000000000	0.950000000000000	0.400000000000000	9.09000000000000	1.40000000000000	0.420000000000000	0.230000000000000	2694	388.310000000000	6.48000000000000	10373	2.26000000000000	123.550000000000	4.45000000000000	6.61000000000000	159.290000000000	99.7700000000000	111.580000000000	49.3600000000000	31.4400000000000	31.1800000000000	1.43000000000000	0.950000000000000	0.400000000000000	9.09000000000000	1.40000000000000	0.420000000000000	0.230000000000000	2694	388.310000000000	7
124.210000000000	22.5400000000000	18.1500000000000	18.4900000000000	1.13000000000000	0.880000000000000	0.590000000000000	8.14000000000000	1.73000000000000	0.530000000000000	0.310000000000000	1718	733.270000000000	4.52000000000000	8889	1.78000000000000	143.870000000000	2.64000000000000	4.56000000000000	201.910000000000	105.490000000000	124.210000000000	22.5400000000000	18.1500000000000	18.4900000000000	1.13000000000000	0.880000000000000	0.590000000000000	8.14000000000000	1.73000000000000	0.530000000000000	0.310000000000000	1718	733.270000000000	4.52000000000000	8889	1.78000000000000	143.870000000000	2.64000000000000	4.56000000000000	201.910000000000	105.490000000000	124.210000000000	22.5400000000000	18.1500000000000	18.4900000000000	1.13000000000000	0.880000000000000	0.590000000000000	8.14000000000000	1.73000000000000	0.530000000000000	0.310000000000000	1718	733.270000000000	5
252.690000000000	9.06000000000000	15.0600000000000	4.02000000000000	1.16000000000000	0.760000000000000	0.660000000000000	6.65000000000000	1.89000000000000	0.680000000000000	-0.360000000000000	194	1572.56000000000	1.31000000000000	1333	1.26000000000000	198.690000000000	1.68000000000000	1.33000000000000	109.770000000000	233.610000000000	252.690000000000	9.06000000000000	15.0600000000000	4.02000000000000	1.16000000000000	0.760000000000000	0.660000000000000	6.65000000000000	1.89000000000000	0.680000000000000	-0.360000000000000	194	1572.56000000000	1.31000000000000	1333	1.26000000000000	198.690000000000	1.68000000000000	1.33000000000000	109.770000000000	233.610000000000	252.690000000000	9.06000000000000	15.0600000000000	4.02000000000000	1.16000000000000	0.760000000000000	0.660000000000000	6.65000000000000	1.89000000000000	0.680000000000000	-0.360000000000000	194	1572.56000000000	6
230.210000000000	8.91000000000000	12.0500000000000	12.6200000000000	1.53000000000000	0.590000000000000	0.780000000000000	6.82000000000000	1.92000000000000	0.340000000000000	-0.0700000000000000	404	2270.42000000000	2.20000000000000	8360	0.960000000000000	230.140000000000	2.05000000000000	2.30000000000000	204.840000000000	241.940000000000	243.640000000000	8.88000000000000	10.4400000000000	10.5300000000000	1.75000000000000	0.710000000000000	0.800000000000000	6.91000000000000	1.99000000000000	0.570000000000000	-0.0800000000000000	840	1725.70000000000	2.20000000000000	8360	0.960000000000000	230.140000000000	2.05000000000000	2.30000000000000	204.840000000000	241.940000000000	243.640000000000	8.88000000000000	10.4400000000000	10.5300000000000	1.75000000000000	0.710000000000000	0.800000000000000	6.91000000000000	1.99000000000000	0.570000000000000	-0.0800000000000000	840	1725.70000000000	4
134.580000000000	13.2500000000000	14.0700000000000	13.5000000000000	4.21000000000000	0.720000000000000	0.870000000000000	7.39000000000000	1.44000000000000	0.910000000000000	0.0900000000000000	322	1758.74000000000	1.59000000000000	1524	0.870000000000000	143.240000000000	1.59000000000000	2.06000000000000	161.390000000000	133.760000000000	134.580000000000	13.2500000000000	14.0700000000000	13.5000000000000	4.21000000000000	0.720000000000000	0.870000000000000	7.39000000000000	1.44000000000000	0.910000000000000	0.0900000000000000	322	1758.74000000000	1.59000000000000	1524	0.870000000000000	143.240000000000	1.59000000000000	2.06000000000000	161.390000000000	133.760000000000	134.580000000000	13.2500000000000	14.0700000000000	13.5000000000000	4.21000000000000	0.720000000000000	0.870000000000000	7.39000000000000	1.44000000000000	0.910000000000000	0.0900000000000000	322	1758.74000000000	5
215.640000000000	16.3000000000000	19.9900000000000	18.7800000000000	11.2200000000000	0.820000000000000	0.440000000000000	7.86000000000000	0.430000000000000	1	-0.0200000000000000	1354	1212.64000000000	3.19000000000000	3346	3.40000000000000	211.050000000000	6.14000000000000	5.85000000000000	203.680000000000	213.830000000000	215.640000000000	16.3000000000000	19.9900000000000	18.7800000000000	11.2200000000000	0.820000000000000	0.440000000000000	7.86000000000000	0.430000000000000	1	-0.0200000000000000	1354	1212.64000000000	3.19000000000000	3346	3.40000000000000	211.050000000000	6.14000000000000	5.85000000000000	203.680000000000	213.830000000000	215.640000000000	16.3000000000000	19.9900000000000	18.7800000000000	11.2200000000000	0.820000000000000	0.440000000000000	7.86000000000000	0.430000000000000	1	-0.0200000000000000	1354	1212.64000000000	4
81.9400000000000	13.9600000000000	15.3000000000000	15.3100000000000	1.87000000000000	0.650000000000000	0.300000000000000	7.36000000000000	1.06000000000000	0.840000000000000	-0.130000000000000	2702	1738.23000000000	5.45000000000000	13822	2.49000000000000	72.6100000000000	4.45000000000000	5.75000000000000	58.7800000000000	77.1100000000000	81.9400000000000	13.9600000000000	15.3000000000000	15.3100000000000	1.87000000000000	0.650000000000000	0.300000000000000	7.36000000000000	1.06000000000000	0.840000000000000	-0.130000000000000	2702	1738.23000000000	5.45000000000000	13822	2.49000000000000	72.6100000000000	4.45000000000000	5.75000000000000	58.7800000000000	77.1100000000000	81.9400000000000	13.9600000000000	15.3000000000000	15.3100000000000	1.87000000000000	0.650000000000000	0.300000000000000	7.36000000000000	1.06000000000000	0.840000000000000	-0.130000000000000	2702	1738.23000000000	1
66.8300000000000	17.8400000000000	18.6800000000000	18.1100000000000	1.88000000000000	0.740000000000000	0.440000000000000	7.76000000000000	1.26000000000000	0.820000000000000	-0.0900000000000000	2070	1535.14000000000	6.09000000000000	13761	4	58.8400000000000	7.24000000000000	6.59000000000000	53	59.6500000000000	63.8700000000000	22.8900000000000	22.0700000000000	21.0700000000000	2.19000000000000	0.810000000000000	0.460000000000000	8.05000000000000	0.900000000000000	0.910000000000000	-0.0600000000000000	3092	1181.12000000000	6.09000000000000	13761	4	58.8400000000000	7.24000000000000	6.59000000000000	53	59.6500000000000	63.8700000000000	22.8900000000000	22.0700000000000	21.0700000000000	2.19000000000000	0.810000000000000	0.460000000000000	8.05000000000000	0.900000000000000	0.910000000000000	-0.0600000000000000	3092	1181.12000000000	1
234.470000000000	12.5200000000000	14.2500000000000	13.1400000000000	2.22000000000000	0.790000000000000	0.630000000000000	6.97000000000000	1.68000000000000	0.610000000000000	-0.0700000000000000	1370	1088.14000000000	3.57000000000000	7905	2.63000000000000	222.770000000000	3.31000000000000	3.86000000000000	202.400000000000	231.980000000000	233.940000000000	14.0400000000000	15.9600000000000	14.8800000000000	2.20000000000000	0.790000000000000	0.630000000000000	7.01000000000000	1.68000000000000	0.610000000000000	-0.0700000000000000	1372	951.080000000000	3.57000000000000	7905	2.63000000000000	222.770000000000	3.31000000000000	3.86000000000000	202.400000000000	231.980000000000	233.940000000000	14.0400000000000	15.9600000000000	14.8800000000000	2.20000000000000	0.790000000000000	0.630000000000000	7.01000000000000	1.68000000000000	0.610000000000000	-0.0700000000000000	1372	951.080000000000	4
92.9800000000000	33.3000000000000	28.2800000000000	28.1900000000000	1.07000000000000	0.860000000000000	0.460000000000000	8.55000000000000	1.26000000000000	0.350000000000000	-0.0200000000000000	1156	1087.71000000000	5.25000000000000	2982	2.81000000000000	87.7200000000000	5.91000000000000	5.29000000000000	83.2100000000000	86.9700000000000	92.9800000000000	33.3000000000000	28.2800000000000	28.1900000000000	1.07000000000000	0.860000000000000	0.460000000000000	8.55000000000000	1.26000000000000	0.350000000000000	-0.0200000000000000	1156	1087.71000000000	5.25000000000000	2982	2.81000000000000	87.7200000000000	5.91000000000000	5.29000000000000	83.2100000000000	86.9700000000000	92.9800000000000	33.3000000000000	28.2800000000000	28.1900000000000	1.07000000000000	0.860000000000000	0.460000000000000	8.55000000000000	1.26000000000000	0.350000000000000	-0.0200000000000000	1156	1087.71000000000	1
144.020000000000	16.2500000000000	16.3300000000000	16.0200000000000	17.8400000000000	0.860000000000000	0.550000000000000	7.78000000000000	0.470000000000000	1	0.0600000000000000	4858	888.630000000000	3.46000000000000	24010	1.90000000000000	151.690000000000	2.83000000000000	7.73000000000000	165.340000000000	145.180000000000	144.540000000000	17.3200000000000	16.5300000000000	16.3200000000000	17.8400000000000	0.870000000000000	0.570000000000000	7.84000000000000	0.490000000000000	1	0.0600000000000000	4790	798.310000000000	3.46000000000000	24010	1.90000000000000	151.690000000000	2.83000000000000	7.73000000000000	165.340000000000	145.180000000000	144.540000000000	17.3200000000000	16.5300000000000	16.3200000000000	17.8400000000000	0.870000000000000	0.570000000000000	7.84000000000000	0.490000000000000	1	0.0600000000000000	4790	798.310000000000	8
66.7100000000000	31.7000000000000	25.5300000000000	25.5600000000000	1.67000000000000	0.870000000000000	0.650000000000000	8.45000000000000	1.75000000000000	0.540000000000000	0.0100000000000000	1330	805.380000000000	4.13000000000000	7786	1.38000000000000	67.1700000000000	2.77000000000000	4.24000000000000	67.6300000000000	63.5200000000000	70.3600000000000	36.2000000000000	29.6700000000000	29.0800000000000	1.45000000000000	0.880000000000000	0.690000000000000	8.70000000000000	1.80000000000000	0.500000000000000	0.0300000000000000	1496	755.800000000000	4.13000000000000	7786	1.38000000000000	67.1700000000000	2.77000000000000	4.24000000000000	67.6300000000000	63.5200000000000	70.3600000000000	36.2000000000000	29.6700000000000	29.0800000000000	1.45000000000000	0.880000000000000	0.690000000000000	8.70000000000000	1.80000000000000	0.500000000000000	0.0300000000000000	1496	755.800000000000	7
222.770000000000	57.1800000000000	43.0300000000000	25.8100000000000	1.03000000000000	0.940000000000000	0.770000000000000	7.68000000000000	2	0.0800000000000000	-0.160000000000000	188	417.230000000000	2.24000000000000	793	0.910000000000000	173.760000000000	1.91000000000000	2.34000000000000	159.680000000000	165.500000000000	196.090000000000	60.7500000000000	48.9400000000000	46.4600000000000	1.47000000000000	0.950000000000000	0.790000000000000	7.93000000000000	1.99000000000000	0.400000000000000	-0.0200000000000000	264	336.730000000000	2.24000000000000	793	0.910000000000000	173.760000000000	1.91000000000000	2.34000000000000	159.680000000000	165.500000000000	196.090000000000	60.7500000000000	48.9400000000000	46.4600000000000	1.47000000000000	0.950000000000000	0.790000000000000	7.93000000000000	1.99000000000000	0.400000000000000	-0.0200000000000000	264	336.730000000000	6
193.250000000000	23.2500000000000	35.9000000000000	30.2000000000000	2.30000000000000	0.810000000000000	0.680000000000000	7.39000000000000	1.50000000000000	0.760000000000000	-0.290000000000000	142	1571.87000000000	1.02000000000000	687	0.250000000000000	102.690000000000	1.08000000000000	1.11000000000000	58.1700000000000	100.030000000000	149.860000000000	26.3300000000000	47.4900000000000	53.2500000000000	2.05000000000000	0.840000000000000	0.960000000000000	7.68000000000000	2.04000000000000	0.610000000000000	-0.260000000000000	116	1211.85000000000	1.02000000000000	687	0.250000000000000	102.690000000000	1.08000000000000	1.11000000000000	58.1700000000000	100.030000000000	149.860000000000	26.3300000000000	47.4900000000000	53.2500000000000	2.05000000000000	0.840000000000000	0.960000000000000	7.68000000000000	2.04000000000000	0.610000000000000	-0.260000000000000	116	1211.85000000000	6
183.670000000000	26.6200000000000	35.0600000000000	43.0100000000000	1.65000000000000	0.780000000000000	0.930000000000000	7.26000000000000	2.09000000000000	0.480000000000000	-0.280000000000000	90	1420.72000000000	1.05000000000000	416	0.160000000000000	126.670000000000	1.14000000000000	1.10000000000000	70.7900000000000	125.550000000000	183.670000000000	26.6200000000000	35.0600000000000	43.0100000000000	1.65000000000000	0.780000000000000	0.930000000000000	7.26000000000000	2.09000000000000	0.480000000000000	-0.280000000000000	90	1420.72000000000	1.05000000000000	416	0.160000000000000	126.670000000000	1.14000000000000	1.10000000000000	70.7900000000000	125.550000000000	183.670000000000	26.6200000000000	35.0600000000000	43.0100000000000	1.65000000000000	0.780000000000000	0.930000000000000	7.26000000000000	2.09000000000000	0.480000000000000	-0.280000000000000	90	1420.72000000000	6
165.740000000000	43.0900000000000	42.2100000000000	40.8200000000000	2.87000000000000	0.780000000000000	0.700000000000000	9.04000000000000	1.44000000000000	0.850000000000000	0.0100000000000000	616	1730.99000000000	2.85000000000000	2230	1.65000000000000	166.300000000000	1.86000000000000	3.26000000000000	167.580000000000	165.570000000000	165.740000000000	43.0900000000000	42.2100000000000	40.8200000000000	2.87000000000000	0.780000000000000	0.700000000000000	9.04000000000000	1.44000000000000	0.850000000000000	0.0100000000000000	616	1730.99000000000	2.85000000000000	2230	1.65000000000000	166.300000000000	1.86000000000000	3.26000000000000	167.580000000000	165.570000000000	165.740000000000	43.0900000000000	42.2100000000000	40.8200000000000	2.87000000000000	0.780000000000000	0.700000000000000	9.04000000000000	1.44000000000000	0.850000000000000	0.0100000000000000	616	1730.99000000000	3
129.490000000000	13.1200000000000	14.8100000000000	13.9200000000000	1.65000000000000	0.890000000000000	0.720000000000000	7.32000000000000	1.90000000000000	0.490000000000000	-0.0200000000000000	996	784.270000000000	2.96000000000000	6536	1.43000000000000	128.630000000000	1.57000000000000	3.08000000000000	125.650000000000	130.740000000000	129.490000000000	13.1200000000000	14.8100000000000	13.9200000000000	1.65000000000000	0.890000000000000	0.720000000000000	7.32000000000000	1.90000000000000	0.490000000000000	-0.0200000000000000	996	784.270000000000	2.96000000000000	6536	1.43000000000000	128.630000000000	1.57000000000000	3.08000000000000	125.650000000000	130.740000000000	129.490000000000	13.1200000000000	14.8100000000000	13.9200000000000	1.65000000000000	0.890000000000000	0.720000000000000	7.32000000000000	1.90000000000000	0.490000000000000	-0.0200000000000000	996	784.270000000000	2
203.330000000000	17	17.3600000000000	16.7100000000000	13.4100000000000	0.840000000000000	0.720000000000000	7.87000000000000	0.680000000000000	1	-0.0700000000000000	1604	1040.15000000000	1.98000000000000	9187	1.32000000000000	191.700000000000	2.05000000000000	3.87000000000000	174.360000000000	199.120000000000	201.620000000000	19	20.0500000000000	19.3700000000000	13.0500000000000	0.840000000000000	0.730000000000000	7.93000000000000	0.720000000000000	0.990000000000000	-0.0700000000000000	1482	914.780000000000	1.98000000000000	9187	1.32000000000000	191.700000000000	2.05000000000000	3.87000000000000	174.360000000000	199.120000000000	201.620000000000	19	20.0500000000000	19.3700000000000	13.0500000000000	0.840000000000000	0.730000000000000	7.93000000000000	0.720000000000000	0.990000000000000	-0.0700000000000000	1482	914.780000000000	4
73.4700000000000	20.4000000000000	18.5900000000000	18.2700000000000	1.64000000000000	0.770000000000000	0.510000000000000	7.68000000000000	1.49000000000000	0.720000000000000	-0.0900000000000000	1462	1407.06000000000	5.03000000000000	7009	1.88000000000000	64.9400000000000	2.82000000000000	5.35000000000000	57.3100000000000	66.4300000000000	71.0700000000000	24.0400000000000	23.8400000000000	23.2000000000000	1.97000000000000	0.810000000000000	0.580000000000000	8.03000000000000	1.56000000000000	0.620000000000000	-0.0700000000000000	1792	1200.96000000000	5.03000000000000	7009	1.88000000000000	64.9400000000000	2.82000000000000	5.35000000000000	57.3100000000000	66.4300000000000	71.0700000000000	24.0400000000000	23.8400000000000	23.2000000000000	1.97000000000000	0.810000000000000	0.580000000000000	8.03000000000000	1.56000000000000	0.620000000000000	-0.0700000000000000	1792	1200.96000000000	1
232.140000000000	11.8600000000000	15.3000000000000	15.0400000000000	6.28000000000000	0.770000000000000	0.710000000000000	7.23000000000000	0.980000000000000	0.980000000000000	-0.0800000000000000	1060	1351.19000000000	2.15000000000000	7129	1.66000000000000	219.630000000000	1.96000000000000	3.14000000000000	196.130000000000	230.620000000000	232.140000000000	11.8600000000000	15.3000000000000	15.0400000000000	6.28000000000000	0.770000000000000	0.710000000000000	7.23000000000000	0.980000000000000	0.980000000000000	-0.0800000000000000	1060	1351.19000000000	2.15000000000000	7129	1.66000000000000	219.630000000000	1.96000000000000	3.14000000000000	196.130000000000	230.620000000000	232.140000000000	11.8600000000000	15.3000000000000	15.0400000000000	6.28000000000000	0.770000000000000	0.710000000000000	7.23000000000000	0.980000000000000	0.980000000000000	-0.0800000000000000	1060	1351.19000000000	4
69.9700000000000	25.7300000000000	24.4400000000000	23.7500000000000	2.07000000000000	0.800000000000000	0.430000000000000	8.05000000000000	1.10000000000000	0.780000000000000	-0.0200000000000000	1052	1328.10000000000	3.88000000000000	8069	2.03000000000000	59.7800000000000	2.90000000000000	4.36000000000000	55.2700000000000	59.1300000000000	64.9300000000000	23.3500000000000	24.7800000000000	23.6500000000000	2.61000000000000	0.780000000000000	0.470000000000000	7.97000000000000	1.11000000000000	0.890000000000000	-0.0300000000000000	1568	1289.68000000000	3.88000000000000	8069	2.03000000000000	59.7800000000000	2.90000000000000	4.36000000000000	55.2700000000000	59.1300000000000	64.9300000000000	23.3500000000000	24.7800000000000	23.6500000000000	2.61000000000000	0.780000000000000	0.470000000000000	7.97000000000000	1.11000000000000	0.890000000000000	-0.0300000000000000	1568	1289.68000000000	1
250.650000000000	13.1700000000000	10.5900000000000	9.94000000000000	2.41000000000000	0.670000000000000	0.920000000000000	6.89000000000000	1.95000000000000	0.750000000000000	-0.0500000000000000	736	1295.83000000000	1.61000000000000	9997	0.650000000000000	241.290000000000	1.23000000000000	1.80000000000000	224.370000000000	249.730000000000	249.750000000000	15.8200000000000	13.6600000000000	12.8200000000000	2.51000000000000	0.700000000000000	0.930000000000000	6.95000000000000	1.94000000000000	0.760000000000000	-0.0500000000000000	718	1074.91000000000	1.61000000000000	9997	0.650000000000000	241.290000000000	1.23000000000000	1.80000000000000	224.370000000000	249.730000000000	249.750000000000	15.8200000000000	13.6600000000000	12.8200000000000	2.51000000000000	0.700000000000000	0.930000000000000	6.95000000000000	1.94000000000000	0.760000000000000	-0.0500000000000000	718	1074.91000000000	2
50.1100000000000	11.3100000000000	11.0900000000000	10.8100000000000	5.10000000000000	0.690000000000000	0.720000000000000	6.73000000000000	1.07000000000000	0.980000000000000	-0.0800000000000000	672	1401.90000000000	1.57000000000000	5476	1.47000000000000	44.6600000000000	2.18000000000000	2.14000000000000	37.6600000000000	44.2600000000000	52.0500000000000	13.7700000000000	14.8900000000000	14.0200000000000	5.19000000000000	0.750000000000000	0.750000000000000	6.91000000000000	1.11000000000000	0.970000000000000	-0.0800000000000000	634	1265.94000000000	1.57000000000000	5476	1.47000000000000	44.6600000000000	2.18000000000000	2.14000000000000	37.6600000000000	44.2600000000000	52.0500000000000	13.7700000000000	14.8900000000000	14.0200000000000	5.19000000000000	0.750000000000000	0.750000000000000	6.91000000000000	1.11000000000000	0.970000000000000	-0.0800000000000000	634	1265.94000000000	7
57.1100000000000	8.16000000000000	8.97000000000000	8.82000000000000	1.38000000000000	0.610000000000000	0.850000000000000	6.61000000000000	2.11000000000000	0.390000000000000	-0.0400000000000000	162	2502.76000000000	2.66000000000000	3086	1.69000000000000	65.5400000000000	2.28000000000000	2.78000000000000	77.8000000000000	55.2400000000000	63.5900000000000	40.4600000000000	24.8800000000000	24.8500000000000	1.65000000000000	0.930000000000000	0.600000000000000	8.57000000000000	1.59000000000000	0.680000000000000	0.170000000000000	618	544.290000000000	2.66000000000000	3086	1.69000000000000	65.5400000000000	2.28000000000000	2.78000000000000	77.8000000000000	55.2400000000000	63.5900000000000	40.4600000000000	24.8800000000000	24.8500000000000	1.65000000000000	0.930000000000000	0.600000000000000	8.57000000000000	1.59000000000000	0.680000000000000	0.170000000000000	618	544.290000000000	7
122.610000000000	39.8500000000000	32.6200000000000	32.1500000000000	1.33000000000000	0.920000000000000	0.810000000000000	8.68000000000000	2.14000000000000	0.260000000000000	0.270000000000000	532	555.150000000000	2.33000000000000	3168	1.04000000000000	140.320000000000	1.83000000000000	2.36000000000000	188.830000000000	109.530000000000	122.610000000000	39.8500000000000	32.6200000000000	32.1500000000000	1.33000000000000	0.920000000000000	0.810000000000000	8.68000000000000	2.14000000000000	0.260000000000000	0.270000000000000	532	555.150000000000	2.33000000000000	3168	1.04000000000000	140.320000000000	1.83000000000000	2.36000000000000	188.830000000000	109.530000000000	122.610000000000	39.8500000000000	32.6200000000000	32.1500000000000	1.33000000000000	0.920000000000000	0.810000000000000	8.68000000000000	2.14000000000000	0.260000000000000	0.270000000000000	532	555.150000000000	9
197.990000000000	28.4200000000000	29.5800000000000	27.0100000000000	4.76000000000000	0.890000000000000	0.420000000000000	8.57000000000000	0.790000000000000	0.960000000000000	-0.0200000000000000	1482	777.490000000000	4.88000000000000	3247	3.49000000000000	197.700000000000	7	6.50000000000000	193.490000000000	201.640000000000	197.990000000000	28.4200000000000	29.5800000000000	27.0100000000000	4.76000000000000	0.890000000000000	0.420000000000000	8.57000000000000	0.790000000000000	0.960000000000000	-0.0200000000000000	1482	777.490000000000	4.88000000000000	3247	3.49000000000000	197.700000000000	7	6.50000000000000	193.490000000000	201.640000000000	197.990000000000	28.4200000000000	29.5800000000000	27.0100000000000	4.76000000000000	0.890000000000000	0.420000000000000	8.57000000000000	0.790000000000000	0.960000000000000	-0.0200000000000000	1482	777.490000000000	5
102.950000000000	45.5500000000000	50.6100000000000	49.4000000000000	1.06000000000000	0.760000000000000	0.860000000000000	7.36000000000000	2.03000000000000	0.210000000000000	-0.110000000000000	84	1890.17000000000	1.35000000000000	222	0.630000000000000	103.750000000000	1.38000000000000	1.41000000000000	92.3700000000000	115.940000000000	102.950000000000	45.5500000000000	50.6100000000000	49.4000000000000	1.06000000000000	0.760000000000000	0.860000000000000	7.36000000000000	2.03000000000000	0.210000000000000	-0.110000000000000	84	1890.17000000000	1.35000000000000	222	0.630000000000000	103.750000000000	1.38000000000000	1.41000000000000	92.3700000000000	115.940000000000	102.950000000000	45.5500000000000	50.6100000000000	49.4000000000000	1.06000000000000	0.760000000000000	0.860000000000000	7.36000000000000	2.03000000000000	0.210000000000000	-0.110000000000000	84	1890.17000000000	3
98	56.7900000000000	46.3600000000000	45.8000000000000	1.41000000000000	0.920000000000000	0.490000000000000	8.89000000000000	1.50000000000000	0.520000000000000	0.150000000000000	690	599.360000000000	3.35000000000000	2530	2.18000000000000	101.630000000000	3.25000000000000	3.43000000000000	118.730000000000	88.1600000000000	98	56.7900000000000	46.3600000000000	45.8000000000000	1.41000000000000	0.920000000000000	0.490000000000000	8.89000000000000	1.50000000000000	0.520000000000000	0.150000000000000	690	599.360000000000	3.35000000000000	2530	2.18000000000000	101.630000000000	3.25000000000000	3.43000000000000	118.730000000000	88.1600000000000	98	56.7900000000000	46.3600000000000	45.8000000000000	1.41000000000000	0.920000000000000	0.490000000000000	8.89000000000000	1.50000000000000	0.520000000000000	0.150000000000000	690	599.360000000000	9
44.8100000000000	9.30000000000000	8.40000000000000	7.77000000000000	1.16000000000000	0.710000000000000	0.880000000000000	6.79000000000000	2.24000000000000	0.210000000000000	0.0500000000000000	194	1851.18000000000	1.54000000000000	953	0.490000000000000	42.6300000000000	1.67000000000000	1.57000000000000	43.7200000000000	39.3500000000000	44.8100000000000	9.30000000000000	8.40000000000000	7.77000000000000	1.16000000000000	0.710000000000000	0.880000000000000	6.79000000000000	2.24000000000000	0.210000000000000	0.0500000000000000	194	1851.18000000000	1.54000000000000	953	0.490000000000000	42.6300000000000	1.67000000000000	1.57000000000000	43.7200000000000	39.3500000000000	44.8100000000000	9.30000000000000	8.40000000000000	7.77000000000000	1.16000000000000	0.710000000000000	0.880000000000000	6.79000000000000	2.24000000000000	0.210000000000000	0.0500000000000000	194	1851.18000000000	7
234.080000000000	10.2400000000000	10.3800000000000	10.7400000000000	1.15000000000000	0.690000000000000	0.450000000000000	7.15000000000000	1.31000000000000	0.450000000000000	-0.100000000000000	2476	1822.04000000000	4.93000000000000	15556	2.71000000000000	219.720000000000	4.79000000000000	4.96000000000000	191.800000000000	233.280000000000	234.080000000000	10.2400000000000	10.3800000000000	10.7400000000000	1.15000000000000	0.690000000000000	0.450000000000000	7.15000000000000	1.31000000000000	0.450000000000000	-0.100000000000000	2476	1822.04000000000	4.93000000000000	15556	2.71000000000000	219.720000000000	4.79000000000000	4.96000000000000	191.800000000000	233.280000000000	234.080000000000	10.2400000000000	10.3800000000000	10.7400000000000	1.15000000000000	0.690000000000000	0.450000000000000	7.15000000000000	1.31000000000000	0.450000000000000	-0.100000000000000	2476	1822.04000000000	4
244.950000000000	11.8700000000000	15.1400000000000	14.6600000000000	5.49000000000000	0.520000000000000	0.760000000000000	6.87000000000000	1.17000000000000	0.940000000000000	-0.110000000000000	172	3825.80000000000	4.87000000000000	2393	2.19000000000000	190.260000000000	2.89000000000000	4.98000000000000	176.340000000000	195.640000000000	198.790000000000	33.1400000000000	40.4700000000000	39.1300000000000	1.33000000000000	0.800000000000000	0.480000000000000	8.69000000000000	1.47000000000000	0.670000000000000	-0.0500000000000000	974	1412.46000000000	4.87000000000000	2393	2.19000000000000	190.260000000000	2.89000000000000	4.98000000000000	176.340000000000	195.640000000000	198.790000000000	33.1400000000000	40.4700000000000	39.1300000000000	1.33000000000000	0.800000000000000	0.480000000000000	8.69000000000000	1.47000000000000	0.670000000000000	-0.0500000000000000	974	1412.46000000000	2
227.250000000000	15.2700000000000	22.3500000000000	21.5100000000000	2.77000000000000	0.820000000000000	0.460000000000000	7.54000000000000	1.06000000000000	0.910000000000000	-0.0200000000000000	996	1069.98000000000	4.02000000000000	2978	2.59000000000000	222.940000000000	5.24000000000000	4.56000000000000	215.380000000000	226.200000000000	227.250000000000	15.2700000000000	22.3500000000000	21.5100000000000	2.77000000000000	0.820000000000000	0.460000000000000	7.54000000000000	1.06000000000000	0.910000000000000	-0.0200000000000000	996	1069.98000000000	4.02000000000000	2978	2.59000000000000	222.940000000000	5.24000000000000	4.56000000000000	215.380000000000	226.200000000000	227.250000000000	15.2700000000000	22.3500000000000	21.5100000000000	2.77000000000000	0.820000000000000	0.460000000000000	7.54000000000000	1.06000000000000	0.910000000000000	-0.0200000000000000	996	1069.98000000000	8
131.490000000000	49.7600000000000	50	47.6300000000000	1.85000000000000	0.870000000000000	0.460000000000000	8.72000000000000	1.28000000000000	0.640000000000000	0.150000000000000	690	947.920000000000	4.09000000000000	1902	2.76000000000000	130.110000000000	4.61000000000000	4.26000000000000	154.530000000000	112.840000000000	122.960000000000	54.5200000000000	51.7600000000000	49.9700000000000	1.55000000000000	0.890000000000000	0.330000000000000	8.70000000000000	1.24000000000000	0.500000000000000	0.160000000000000	744	810.730000000000	4.09000000000000	1902	2.76000000000000	130.110000000000	4.61000000000000	4.26000000000000	154.530000000000	112.840000000000	122.960000000000	54.5200000000000	51.7600000000000	49.9700000000000	1.55000000000000	0.890000000000000	0.330000000000000	8.70000000000000	1.24000000000000	0.500000000000000	0.160000000000000	744	810.730000000000	9
88.8000000000000	19.7900000000000	19.6200000000000	19.6600000000000	2.14000000000000	0.790000000000000	0.660000000000000	7.98000000000000	1.50000000000000	0.800000000000000	-0.110000000000000	1462	1400.66000000000	7.64000000000000	9333	2.12000000000000	82.7800000000000	4.19000000000000	7.83000000000000	71.8800000000000	85.8400000000000	90.6300000000000	26.6300000000000	27.4700000000000	27.7200000000000	1.45000000000000	0.800000000000000	0.560000000000000	8.60000000000000	1.44000000000000	0.620000000000000	-0.0900000000000000	3026	1297.05000000000	7.64000000000000	9333	2.12000000000000	82.7800000000000	4.19000000000000	7.83000000000000	71.8800000000000	85.8400000000000	90.6300000000000	26.6300000000000	27.4700000000000	27.7200000000000	1.45000000000000	0.800000000000000	0.560000000000000	8.60000000000000	1.44000000000000	0.620000000000000	-0.0900000000000000	3026	1297.05000000000	1
225.560000000000	15.8500000000000	15.1600000000000	14.9200000000000	10.9700000000000	0.820000000000000	0.680000000000000	7.76000000000000	0.680000000000000	0.990000000000000	-0.0800000000000000	1820	1081.19000000000	2.19000000000000	13167	1.61000000000000	213.580000000000	2.69000000000000	3.97000000000000	191.040000000000	224.150000000000	225.560000000000	15.8500000000000	15.1600000000000	14.9200000000000	10.9700000000000	0.820000000000000	0.680000000000000	7.76000000000000	0.680000000000000	0.990000000000000	-0.0800000000000000	1820	1081.19000000000	2.19000000000000	13167	1.61000000000000	213.580000000000	2.69000000000000	3.97000000000000	191.040000000000	224.150000000000	225.560000000000	15.8500000000000	15.1600000000000	14.9200000000000	10.9700000000000	0.820000000000000	0.680000000000000	7.76000000000000	0.680000000000000	0.990000000000000	-0.0800000000000000	1820	1081.19000000000	4
144.200000000000	8.88000000000000	9.41000000000000	8.48000000000000	1.34000000000000	0.700000000000000	0.830000000000000	6.80000000000000	2.30000000000000	0.250000000000000	0.240000000000000	1478	1483.06000000000	2.56000000000000	33625	1.04000000000000	161.850000000000	1.69000000000000	2.69000000000000	207.900000000000	130.730000000000	146.920000000000	12.9500000000000	12.7000000000000	10.7200000000000	1.87000000000000	0.860000000000000	0.890000000000000	7.35000000000000	2.09000000000000	0.650000000000000	0.230000000000000	1972	827.210000000000	2.56000000000000	33625	1.04000000000000	161.850000000000	1.69000000000000	2.69000000000000	207.900000000000	130.730000000000	146.920000000000	12.9500000000000	12.7000000000000	10.7200000000000	1.87000000000000	0.860000000000000	0.890000000000000	7.35000000000000	2.09000000000000	0.650000000000000	0.230000000000000	1972	827.210000000000	5
100.320000000000	32.1900000000000	22.9200000000000	22.0200000000000	1.37000000000000	0.900000000000000	0.620000000000000	8.89000000000000	1.71000000000000	0.380000000000000	0.340000000000000	1410	708.990000000000	4.80000000000000	5243	1.69000000000000	120.710000000000	2.97000000000000	4.87000000000000	174.840000000000	86.9500000000000	100.320000000000	32.1900000000000	22.9200000000000	22.0200000000000	1.37000000000000	0.900000000000000	0.620000000000000	8.89000000000000	1.71000000000000	0.380000000000000	0.340000000000000	1410	708.990000000000	4.80000000000000	5243	1.69000000000000	120.710000000000	2.97000000000000	4.87000000000000	174.840000000000	86.9500000000000	100.320000000000	32.1900000000000	22.9200000000000	22.0200000000000	1.37000000000000	0.900000000000000	0.620000000000000	8.89000000000000	1.71000000000000	0.380000000000000	0.340000000000000	1410	708.990000000000	9
118.830000000000	35.0700000000000	22.7100000000000	24.0600000000000	1.68000000000000	0.910000000000000	0.560000000000000	8.73000000000000	1.54000000000000	0.690000000000000	0.290000000000000	554	683.060000000000	2.40000000000000	2451	1.44000000000000	141.990000000000	1.92000000000000	2.52000000000000	194.080000000000	107.140000000000	124.750000000000	38.3300000000000	25.1500000000000	27.2300000000000	1.68000000000000	0.930000000000000	0.680000000000000	8.73000000000000	1.71000000000000	0.670000000000000	0.290000000000000	500	533.340000000000	2.40000000000000	2451	1.44000000000000	141.990000000000	1.92000000000000	2.52000000000000	194.080000000000	107.140000000000	124.750000000000	38.3300000000000	25.1500000000000	27.2300000000000	1.68000000000000	0.930000000000000	0.680000000000000	8.73000000000000	1.71000000000000	0.670000000000000	0.290000000000000	500	533.340000000000	9
188.920000000000	52.0500000000000	57.0100000000000	55.9200000000000	1.73000000000000	0.650000000000000	0.810000000000000	7.05000000000000	1.89000000000000	0.420000000000000	-0.100000000000000	66	2469.69000000000	1.22000000000000	154	0.650000000000000	173.480000000000	1.36000000000000	1.33000000000000	148.640000000000	182.880000000000	188.920000000000	52.0500000000000	57.0100000000000	55.9200000000000	1.73000000000000	0.650000000000000	0.810000000000000	7.05000000000000	1.89000000000000	0.420000000000000	-0.100000000000000	66	2469.69000000000	1.22000000000000	154	0.650000000000000	173.480000000000	1.36000000000000	1.33000000000000	148.640000000000	182.880000000000	188.920000000000	52.0500000000000	57.0100000000000	55.9200000000000	1.73000000000000	0.650000000000000	0.810000000000000	7.05000000000000	1.89000000000000	0.420000000000000	-0.100000000000000	66	2469.69000000000	3
196.810000000000	10.3300000000000	13.4200000000000	13.7400000000000	2.16000000000000	0.710000000000000	0.600000000000000	7.27000000000000	1.45000000000000	0.800000000000000	0.0100000000000000	538	1922.79000000000	2.86000000000000	5125	1.59000000000000	186.660000000000	2.85000000000000	3.46000000000000	201.480000000000	178.260000000000	180.250000000000	18.1700000000000	20.2600000000000	18.9100000000000	3.49000000000000	0.880000000000000	0.670000000000000	7.88000000000000	1.44000000000000	0.820000000000000	0.0600000000000000	990	824.010000000000	2.86000000000000	5125	1.59000000000000	186.660000000000	2.85000000000000	3.46000000000000	201.480000000000	178.260000000000	180.250000000000	18.1700000000000	20.2600000000000	18.9100000000000	3.49000000000000	0.880000000000000	0.670000000000000	7.88000000000000	1.44000000000000	0.820000000000000	0.0600000000000000	990	824.010000000000	8
172.710000000000	29.6800000000000	33.4300000000000	31.4900000000000	2.02000000000000	0.840000000000000	0.700000000000000	8.48000000000000	1.81000000000000	0.530000000000000	0.0600000000000000	992	896.180000000000	2.96000000000000	5591	1.77000000000000	176.100000000000	2.61000000000000	3.17000000000000	190.040000000000	166.920000000000	171.330000000000	31.7100000000000	35.4700000000000	33.5200000000000	2.02000000000000	0.860000000000000	0.710000000000000	8.50000000000000	1.82000000000000	0.540000000000000	0.0600000000000000	948	821.840000000000	2.96000000000000	5591	1.77000000000000	176.100000000000	2.61000000000000	3.17000000000000	190.040000000000	166.920000000000	171.330000000000	31.7100000000000	35.4700000000000	33.5200000000000	2.02000000000000	0.860000000000000	0.710000000000000	8.50000000000000	1.82000000000000	0.540000000000000	0.0600000000000000	948	821.840000000000	5
175.130000000000	16.7100000000000	26.5300000000000	24.4900000000000	1.13000000000000	0.760000000000000	0.850000000000000	7.75000000000000	2.11000000000000	0.300000000000000	0.0900000000000000	254	1580.72000000000	1.76000000000000	1243	1.28000000000000	184.700000000000	1.38000000000000	1.80000000000000	206.770000000000	172.200000000000	175.130000000000	16.7100000000000	26.5300000000000	24.4900000000000	1.13000000000000	0.760000000000000	0.850000000000000	7.75000000000000	2.11000000000000	0.300000000000000	0.0900000000000000	254	1580.72000000000	1.76000000000000	1243	1.28000000000000	184.700000000000	1.38000000000000	1.80000000000000	206.770000000000	172.200000000000	175.130000000000	16.7100000000000	26.5300000000000	24.4900000000000	1.13000000000000	0.760000000000000	0.850000000000000	7.75000000000000	2.11000000000000	0.300000000000000	0.0900000000000000	254	1580.72000000000	5
247.790000000000	10.1800000000000	7.62000000000000	7.34000000000000	2.74000000000000	0.730000000000000	0.170000000000000	7.19000000000000	0.710000000000000	0.730000000000000	-0.0900000000000000	2292	1794.23000000000	6.57000000000000	12573	5.87000000000000	231.990000000000	15.2700000000000	6.73000000000000	204.930000000000	245.060000000000	245.980000000000	10.1500000000000	8.15000000000000	7.84000000000000	1.52000000000000	0.760000000000000	0.240000000000000	7.16000000000000	0.740000000000000	0.490000000000000	-0.0900000000000000	3020	1611.55000000000	6.57000000000000	12573	5.87000000000000	231.990000000000	15.2700000000000	6.73000000000000	204.930000000000	245.060000000000	245.980000000000	10.1500000000000	8.15000000000000	7.84000000000000	1.52000000000000	0.760000000000000	0.240000000000000	7.16000000000000	0.740000000000000	0.490000000000000	-0.0900000000000000	3020	1611.55000000000	4